,id,athlete_id,name,distance,moving_time,elapsed_time,total_elevation_gain,type,achievement_count,kudos_count,average_speed,max_speed,average_cadence,average_watts,max_watts,weighted_average_watts,kilojoules,device_watts,has_heartrate,average_heartrate,max_heartrate,average_heartrate_sort,max_heartrate_sort,elev_high,elev_low,pr_count,suffer_score,date,date_sort,time,distance_f,moving_time_f,pace,start_lat,start_lng
0,11784193817,2.0,Evening Run,5004.1,1198,1198,51.0,Run,3,8,4.177,5.572,83.9,470.1,616.0,472.0,563.2,1,1,170.7,187.0,170.7,187,55.0,25.4,0,62.0,01/07/2024,739068,19:02:04,5.00km,00:19:58,03:59/km,51.0146901011467,-0.3779393434524536
1,11768419246,2.0,Afternoon Ride,65111.0,9367,12774,563.0,Ride,36,5,6.951,15.65,n/a,119.7,n/a,n/a,1120.9,0,1,134.6,158.0,134.6,158,152.6,11.2,12,85.0,29/06/2024,739066,13:07:26,65.11km,02:36:07,25.0km/h,51.01471424102783,-0.3779938258230686
2,11760734410,2.0,Afternoon Run,7483.1,2406,2406,113.0,Run,0,2,3.11,4.268,79.5,356.2,444.0,357.0,857.0,1,1,143.4,155.0,143.4,155,59.2,29.8,0,37.0,28/06/2024,739065,16:41:09,7.48km,00:40:06,05:22/km,51.0147020034492,-0.3778657503426075
3,11752590195,2.0,Afternoon Ride,48865.0,5868,7594,481.0,Ride,51,9,8.327,20.096,n/a,172.9,n/a,n/a,1014.8,0,1,154.1,173.0,154.1,173,117.2,6.8,37,160.0,27/06/2024,739064,13:35:06,48.87km,01:37:48,30.0km/h,51.0146916937083,-0.3780562710016966
4,11737213194,2.0,Afternoon Run,6194.2,1731,1769,21.0,Run,2,7,3.578,7.554,81.5,394.4,760.0,397.0,682.8,1,1,161.5,178.0,161.5,178,15.8,3.4,0,62.0,25/06/2024,739062,17:17:37,6.19km,00:28:51,04:39/km,51.46157721988857,-0.22119968198239803
5,11721803152,2.0,Afternoon Run,5670.4,1446,1446,13.0,Run,11,7,3.921,5.21,82.9,433.8,555.0,437.0,627.3,1,1,174.1,182.0,174.1,182,15.2,4.6,5,84.0,23/06/2024,739060,16:59:07,5.67km,00:24:06,04:15/km,51.461969409137964,-0.22125466726720333
6,11706355433,2.0,Afternoon Run,9165.9,3090,3090,81.0,Run,0,6,2.966,4.238,79.2,341.4,449.0,342.0,1054.9,1,1,146.9,159.0,146.9,159,58.8,27.4,0,61.0,21/06/2024,739058,17:54:45,9.17km,00:51:30,05:37/km,51.01476193405688,-0.3778673429042101
7,11680407519,2.0,Lunch Run,5003.4,1240,1240,49.0,Run,1,5,4.035,5.458,83.4,452.3,650.0,455.0,560.8,1,1,175.4,186.0,175.4,186,55.4,26.6,0,72.0,18/06/2024,739055,12:42:31,5.00km,00:20:40,04:08/km,51.0146605130285,-0.3779343143105507
8,11667691969,2.0,Afternoon Ride,36294.3,4515,4644,335.0,Ride,28,10,8.039,17.105,n/a,157.1,n/a,n/a,709.4,0,1,139.2,170.0,139.2,170,83.8,21.6,8,59.0,16/06/2024,739053,16:25:22,36.29km,01:15:15,28.9km/h,51.014681635424495,-0.3780039679259062
9,11660040110,2.0,Evening Run,7207.8,2306,2618,78.0,Run,0,6,3.126,6.424,80.5,357.1,705.0,357.0,823.5,1,1,149.1,178.0,149.1,178,56.8,24.4,0,48.0,15/06/2024,739052,18:03:17,7.21km,00:38:26,05:20/km,51.01461835205555,-0.37786776199936867
10,11660085987,2.0,Morning Run,5042.1,1582,1582,53.0,Run,0,4,3.187,4.44,80.2,358.0,496.0,357.0,566.3,1,1,151.1,176.0,151.1,176,56.4,25.4,0,38.0,14/06/2024,739051,09:04:25,5.04km,00:26:22,05:14/km,51.01464777253568,-0.37793900817632675
11,11636873741,2.0,Afternoon Run,5011.5,1414,1414,84.0,Run,0,3,3.544,5.346,81.0,395.0,563.0,396.0,558.5,1,1,157.7,171.0,157.7,171,54.8,26.2,0,43.0,12/06/2024,739049,17:59:30,5.01km,00:23:34,04:42/km,51.01454107090831,-0.3784991707652807
12,11629523217,2.0,Evening Run,7002.2,2395,2403,83.0,Run,0,8,2.924,4.19,77.6,336.1,499.0,338.0,804.9,1,1,147.9,161.0,147.9,161,63.8,25.6,0,52.0,11/06/2024,739048,19:23:44,7.00km,00:39:55,05:42/km,51.01469890214503,-0.3778748866170645
13,11597667459,2.0,Evening Run,8005.4,2308,2308,75.0,Run,1,4,3.469,4.96,81.8,397.8,552.0,408.0,918.1,1,1,162.9,183.0,162.9,183,58.2,30.4,0,90.0,07/06/2024,739044,18:42:22,8.01km,00:38:28,04:48/km,51.014520870521665,-0.37875255569815636
14,11581745928,2.0,Evening Run,5086.0,1627,1627,51.0,Run,0,5,3.126,5.564,80.0,350.7,457.0,351.0,570.5,1,1,142.2,160.0,142.2,160,54.0,25.8,0,22.0,05/06/2024,739042,18:24:16,5.09km,00:27:07,05:20/km,51.014550626277924,-0.3790163341909647
15,11572125345,2.0,Afternoon Ride,39278.2,4109,4143,344.0,Ride,33,12,9.559,16.05,n/a,227.6,n/a,n/a,935.2,0,1,163.1,179.0,163.1,179,70.0,15.6,28,157.0,04/06/2024,739041,15:35:05,39.28km,01:08:29,34.4km/h,51.014678282663226,-0.3780308738350868
16,11564406444,2.0,Afternoon Run,7466.0,1861,1861,66.0,Run,6,7,4.012,5.254,83.5,450.6,594.0,453.0,838.6,1,1,170.9,181.0,170.9,181,59.6,31.6,2,96.0,03/06/2024,739040,17:08:37,7.47km,00:31:01,04:09/km,51.01468389853835,-0.37786650471389294
17,11539073906,2.0,Morning Ride,54233.2,6945,9412,467.0,Ride,20,9,7.809,14.0,n/a,141.2,n/a,n/a,980.8,0,1,141.4,186.0,141.4,186,83.8,7.8,3,102.0,31/05/2024,739037,09:22:41,54.23km,01:55:45,28.1km/h,51.01469764485955,-0.3779545146971941
18,11523777440,2.0,Morning Ride,34661.6,4294,5461,289.0,Ride,38,10,8.072,14.628,n/a,155.2,n/a,n/a,666.6,0,1,140.9,190.0,140.9,190,79.6,7.0,18,61.0,29/05/2024,739035,10:41:12,34.66km,01:11:34,29.1km/h,51.01466026157141,-0.3778560273349285
19,11508647517,2.0,Lunch Run,6405.2,2276,2276,15.0,Run,0,5,2.814,4.19,80.4,311.6,457.0,311.0,709.3,1,1,147.8,152.0,147.8,152,95.6,88.4,0,52.0,27/05/2024,739033,12:32:56,6.41km,00:37:56,05:55/km,51.64813634008169,-1.9724333100020885
20,11493235590,2.0,Morning Ride,40401.5,5450,10454,334.0,Ride,388,7,7.413,15.076,n/a,133.8,n/a,n/a,729.2,0,1,147.4,179.0,147.4,179,75.6,21.6,112,110.0,25/05/2024,739031,09:54:09,40.40km,01:30:50,26.7km/h,51.46180562674999,-0.22122424095869064
21,11485848535,2.0,Lunch Ride,39223.4,5018,7655,330.0,Ride,24,8,7.817,15.195,n/a,144.0,n/a,n/a,722.4,0,1,151.6,190.0,151.6,190,73.0,7.8,1,126.0,24/05/2024,739030,11:10:49,39.22km,01:23:38,28.1km/h,51.01457602344453,-0.3784461133182049
22,11471109128,2.0,Afternoon Run,7531.8,1949,1949,69.0,Run,4,8,3.864,5.558,82.7,430.0,592.0,432.0,838.1,1,1,169.9,185.0,169.9,185,59.0,30.0,1,96.0,22/05/2024,739028,14:11:31,7.53km,00:32:29,04:19/km,51.014504274353385,-0.37882003001868725
23,11458170730,2.0,Evening Ride,45314.5,5074,8631,312.0,Ride,19,8,8.931,16.066,n/a,179.8,n/a,n/a,912.4,0,1,152.6,190.0,152.6,190,55.6,8.4,12,133.0,20/05/2024,739026,18:11:13,45.31km,01:24:34,32.2km/h,51.0146848205477,-0.3779315482825041
24,11446145782,2.0,Morning Ride,36136.5,5394,9445,339.0,Ride,27,9,6.699,15.15,n/a,110.0,n/a,n/a,593.2,0,0,n/a,n/a,0.0,0,111.2,29.8,1,n/a,19/05/2024,739025,09:14:37,36.14km,01:29:54,24.1km/h,51.01462706923485,-0.3779462166130543
25,11439629674,2.0,Afternoon Run,7451.7,1935,1935,65.0,Run,5,4,3.851,5.302,82.8,431.9,560.0,434.0,835.8,1,1,173.3,188.0,173.3,188,59.0,30.8,0,111.0,18/05/2024,739024,14:50:07,7.45km,00:32:15,04:20/km,51.014677779749036,-0.3778793290257454
26,11431283819,2.0,Morning Ride,53473.2,7287,10853,475.0,Ride,22,9,7.338,14.96,n/a,128.8,n/a,n/a,938.3,0,0,n/a,n/a,0.0,0,128.8,16.2,4,n/a,17/05/2024,739023,10:48:07,53.47km,02:01:27,26.4km/h,51.014681635424495,-0.37797873839735985
27,11417033615,2.0,Afternoon Run,5010.5,1336,1336,53.0,Run,0,5,3.75,5.476,82.1,432.6,579.0,436.0,577.9,1,1,169.8,185.0,169.8,185,54.8,25.8,0,66.0,15/05/2024,739021,15:44:59,5.01km,00:22:16,04:27/km,51.01452933624387,-0.3789304196834564
28,11416425220,2.0,Lunch Run,5006.3,1620,1626,54.0,Run,0,5,3.09,4.476,79.9,356.6,484.0,359.0,577.6,1,1,158.7,178.0,158.7,178,88.4,56.0,0,55.0,14/05/2024,739020,11:04:04,5.01km,00:27:00,05:24/km,51.20143127627671,-1.378509420901537
29,11400619380,2.0,Afternoon Run,5128.4,1564,1601,53.0,Run,0,6,3.279,4.462,79.3,379.3,539.0,380.0,593.2,1,1,155.7,175.0,155.7,175,55.0,25.8,0,43.0,13/05/2024,739019,14:42:55,5.13km,00:26:04,05:05/km,51.014603516086936,-0.37902865558862686
30,11393668428,2.0,Lunch Ride,33069.4,5023,6277,240.0,Ride,50,10,6.584,12.447,n/a,102.3,n/a,n/a,514.0,0,0,n/a,n/a,0.0,0,62.8,11.2,6,n/a,12/05/2024,739018,12:35:27,33.07km,01:23:43,23.7km/h,51.461922973394394,-0.22100966423749924
31,11354284748,2.0,Afternoon Ride,38721.6,4985,6151,340.0,Ride,25,10,7.768,13.62,n/a,141.1,n/a,n/a,703.6,0,0,n/a,n/a,0.0,0,93.4,28.2,5,n/a,07/05/2024,739013,15:13:55,38.72km,01:23:05,28.0km/h,51.014674259349704,-0.37789818830788136
32,11191558915,2.0,Morning Run,5006.4,1512,1512,90.0,Run,0,10,3.311,5.36,79.6,383.8,519.0,386.0,580.3,1,1,164.1,185.0,164.1,185,772.8,736.2,0,60.0,16/04/2024,738992,09:12:20,5.01km,00:25:12,05:02/km,35.23878852836788,139.0008895844221
33,11186068219,2.0,Afternoon Walk,5621.8,6529,10860,543.0,Walk,0,2,0.861,1.97,52.4,n/a,n/a,n/a,n/a,n/a,1,121.7,181.0,121.7,181,1216.2,672.6,0,46.0,15/04/2024,738991,13:22:48,5.62km,01:48:49,19:21/km,35.27547695674002,139.00658760219812
34,11184861383,2.0,Deer Hill,7999.3,7033,9473,264.0,Walk,0,8,1.137,2.13,53.0,n/a,n/a,n/a,n/a,n/a,1,99.2,146.0,99.2,146,345.6,89.8,0,18.0,14/04/2024,738990,10:53:48,8.00km,01:57:13,14:40/km,34.682606756687164,135.8315355051309
35,10990109013,2.0,Soaking wet Noosa walk,10210.5,7629,8863,155.0,Walk,0,6,1.338,3.082,54.3,n/a,n/a,n/a,n/a,n/a,1,114.5,148.0,114.5,148,87.2,13.0,0,26.0,19/03/2024,738964,10:25:33,10.21km,02:07:09,12:27/km,-26.401992179453373,153.10342197306454
36,10961911383,2.0,Albert Park üèéÔ∏è,5009.9,1244,1244,1.0,Run,0,8,4.027,4.88,82.9,445.7,523.0,442.0,554.5,1,1,176.0,189.0,176.0,189,14.0,10.6,0,72.0,15/03/2024,738960,11:37:08,5.01km,00:20:44,04:08/km,-37.84287937916815,144.96328524313867
37,10947774017,2.0,Lunch Run,5077.9,1498,1538,27.0,Run,0,7,3.39,4.516,79.4,389.9,461.0,385.0,584.1,1,1,167.9,182.0,167.9,182,13.0,4.6,0,70.0,13/03/2024,738958,11:20:49,5.08km,00:24:58,04:55/km,-27.995016714558005,153.4269836358726
38,10920172705,2.0,Lunch Walk,3950.4,3522,4564,293.0,Walk,0,3,1.122,2.747,51.1,n/a,n/a,n/a,n/a,n/a,1,109.2,149.0,109.2,149,1013.4,718.8,0,12.0,09/03/2024,738954,12:21:36,3.95km,00:58:42,14:51/km,-43.99869583547115,170.4625478759408
39,10907052740,2.0,Glendhu Bay ride,19832.3,5674,8029,458.0,Ride,2,8,3.495,8.952,n/a,91.4,n/a,n/a,518.8,0,1,146.0,183.0,146.0,183,324.6,275.8,1,106.0,07/03/2024,738952,13:35:49,19.83km,01:34:34,12.6km/h,-44.695459976792336,169.1338251158595
40,10905893008,2.0,Mount Iron climb,3217.8,1362,1444,248.0,Run,0,5,2.363,4.54,69.6,365.3,647.0,367.0,497.5,1,1,176.7,191.0,176.7,191,545.8,319.0,0,82.0,07/03/2024,738952,10:31:31,3.22km,00:22:42,07:03/km,-44.69403874129057,169.15632717311382
41,10885762313,2.0,Queenstown hill hike,8366.2,9073,9987,550.0,Walk,0,5,0.922,3.857,55.4,n/a,n/a,n/a,n/a,n/a,1,82.4,140.0,82.4,140,851.0,312.0,0,15.0,04/03/2024,738949,14:26:37,8.37km,02:31:13,18:05/km,-45.03204812295735,168.66201407276094
42,10865102584,2.0,Mordor walk,20040.8,18026,23307,856.0,Walk,0,11,1.112,2.12,52.6,n/a,n/a,n/a,n/a,n/a,1,101.8,161.0,101.8,161,1872.2,773.0,0,52.0,01/03/2024,738946,06:53:17,20.04km,05:00:26,14:59/km,-39.144300520420074,175.58086769655347
43,10858409842,2.0,Lunch Ride,9040.7,2239,4317,154.0,Ride,0,6,4.038,12.972,n/a,81.4,n/a,n/a,182.2,0,1,138.0,169.0,138.0,169,415.6,349.4,0,27.0,29/02/2024,738945,12:47:42,9.04km,00:37:19,14.5km/h,-38.669018195942044,176.0883642733097
44,10818732738,2.0,Sunset walk,4197.6,3264,5622,147.0,Walk,0,7,1.286,2.754,53.5,n/a,n/a,n/a,n/a,n/a,1,106.4,152.0,106.4,152,199.6,51.4,0,10.0,23/02/2024,738939,19:26:44,4.20km,00:54:24,12:58/km,-36.872898219153285,174.7600463591516
45,10816664750,2.0,Morning Run,5207.0,1664,2062,14.0,Run,0,6,3.129,7.36,78.5,349.0,588.0,321.0,580.7,1,1,147.5,162.0,147.5,162,47.6,5.2,0,32.0,23/02/2024,738939,09:29:54,5.21km,00:27:44,05:20/km,-36.85348019935191,174.75729600526392
46,10794531850,2.0,Afternoon Ride,31485.6,3277,3277,212.0,Ride,33,10,9.608,15.48,77.4,190.1,721.0,206.0,623.0,1,1,163.8,182.0,163.8,182,90.0,23.2,16,132.0,19/02/2024,738935,16:03:31,31.49km,00:54:37,34.6km/h,51.014655232429504,-0.37802333012223244
47,10767796036,2.0,Afternoon Run,5027.6,1655,1655,52.0,Run,0,8,3.038,4.066,80.6,350.1,472.0,349.0,579.4,1,1,146.7,161.0,146.7,161,55.8,25.8,0,32.0,15/02/2024,738931,16:35:45,5.03km,00:27:35,05:29/km,51.014632266014814,-0.37785510532557964
48,10756833694,2.0,Evening Workout,98.3,3552,3552,0.0,Workout,0,0,0.028,1.88,63.7,n/a,n/a,n/a,n/a,n/a,1,152.8,181.0,152.8,181,0.0,0.0,0,94.0,13/02/2024,738929,20:24:16,0.10km,00:59:12,595:14/km,n/a,n/a
49,10747478318,2.0,Afternoon Ride,31582.1,4641,6169,250.0,Ride,17,8,6.805,11.966,55.5,105.7,473.0,122.0,490.6,1,1,132.4,156.0,132.4,156,65.6,11.2,1,39.0,12/02/2024,738928,14:03:46,31.58km,01:17:21,24.5km/h,51.014620112255216,-0.3779186401516199
50,10741953261,2.0,Afternoon Run,5264.3,1614,1614,55.0,Run,0,2,3.262,5.22,79.4,368.5,618.0,374.0,594.7,1,1,148.1,178.0,148.1,178,54.0,23.6,0,34.0,11/02/2024,738927,15:53:37,5.26km,00:26:54,05:07/km,51.01449036039412,-0.3787896875292063
51,10727043508,2.0,Morning Alpine Ski,42140.1,7176,14681,0.0,AlpineSki,3,7,5.872,19.796,n/a,n/a,n/a,n/a,n/a,n/a,1,119.0,160.0,119.0,160,2904.4,1451.2,2,27.0,09/02/2024,738925,09:45:00,42.14km,01:59:36,02:50/km,45.340490425005555,6.580559592694044
52,10721092506,2.0,Morning Alpine Ski,44278.9,5079,18862,0.0,AlpineSki,14,4,8.718,25.664,n/a,n/a,n/a,n/a,n/a,n/a,1,128.8,178.0,128.8,178,2689.2,1440.4,9,34.0,08/02/2024,738924,09:09:12,44.28km,01:24:39,01:55/km,45.39668672718108,6.56944845803082
53,10715060672,2.0,Afternoon Alpine Ski,13296.2,1215,7907,0.0,AlpineSki,6,2,10.943,22.782,n/a,n/a,n/a,n/a,n/a,n/a,1,151.7,172.0,151.7,172,2656.8,1425.6,3,28.0,07/02/2024,738923,13:52:54,13.30km,00:20:15,01:31/km,45.375871025025845,6.515326257795095
54,10713871002,2.0,Morning Alpine Ski,22798.3,1955,8670,0.0,AlpineSki,8,4,11.662,21.722,n/a,n/a,n/a,n/a,n/a,n/a,1,133.4,162.0,133.4,162,2691.2,1645.8,3,17.0,07/02/2024,738923,10:05:48,22.80km,00:32:35,01:26/km,45.3833713196218,6.610393971204758
55,10707942997,2.0,Morning Alpine Ski,28441.7,3242,20958,0.0,AlpineSki,4,4,8.773,26.712,n/a,n/a,n/a,n/a,n/a,n/a,1,135.1,171.0,135.1,171,3210.0,1308.8,3,34.0,06/02/2024,738922,09:14:55,28.44km,00:54:02,01:54/km,45.39770940318704,6.5697401482611895
56,10701255798,2.0,Morning Alpine Ski,22682.2,2798,15810,0.0,AlpineSki,2,6,8.107,27.405,n/a,n/a,n/a,n/a,n/a,n/a,1,134.9,169.0,134.9,169,2668.8,1440.6,1,28.0,05/02/2024,738921,10:49:06,22.68km,00:46:38,02:03/km,45.39766179397702,6.569802425801754
57,10681258619,2.0,Afternoon Tennis,1972.5,2397,2442,0.0,Workout,0,3,0.823,3.744,56.4,n/a,n/a,n/a,n/a,n/a,1,126.2,175.0,126.2,175,47.0,45.4,0,13.0,02/02/2024,738918,14:43:43,1.97km,00:39:57,20:15/km,51.014509219676256,-0.38039851002395153
58,10654533275,2.0,Afternoon Run,5604.2,1445,1451,9.0,Run,0,7,3.878,5.096,82.8,436.0,536.0,439.0,630.0,1,1,169.3,184.0,169.3,184,95.8,87.4,0,69.0,29/01/2024,738914,16:34:23,5.60km,00:24:05,04:18/km,51.64807037450373,-1.9724701065570116
59,10627124398,2.0,Afternoon Run,5012.4,1374,1374,53.0,Run,0,4,3.648,5.118,82.3,415.7,589.0,420.0,571.2,1,1,161.7,180.0,161.7,180,54.6,26.4,0,50.0,25/01/2024,738910,14:52:16,5.01km,00:22:54,04:34/km,51.01455791853368,-0.37910979241132736
60,10607650504,2.0,Afternoon Run,7571.8,2885,2885,73.0,Run,0,5,2.625,4.616,78.8,300.9,413.0,302.0,868.1,1,1,149.3,178.0,149.3,178,58.6,28.6,0,59.0,22/01/2024,738907,14:40:39,7.57km,00:48:05,06:21/km,51.01459739729762,-0.37900795228779316
61,10593273858,2.0,Morning Run,7537.3,2052,2052,69.0,Run,3,7,3.673,5.396,82.6,420.2,535.0,427.0,862.2,1,1,167.1,184.0,167.1,184,59.0,30.8,0,92.0,20/01/2024,738905,10:29:04,7.54km,00:34:12,04:32/km,51.014584908261895,-0.3790457546710968
62,10581595748,2.0,Lunch Run,7010.5,2337,2347,38.0,Run,0,5,3.0,5.458,80.1,339.3,554.0,341.0,792.8,1,1,155.9,173.0,155.9,173,31.0,3.6,0,68.0,18/01/2024,738903,11:29:17,7.01km,00:38:57,05:33/km,51.45683716982603,-0.21502934396266937
63,10570294978,2.0,Afternoon Run,6905.3,1856,1856,40.0,Run,3,4,3.721,9.008,82.2,414.7,630.0,422.0,769.6,1,1,165.3,186.0,165.3,186,30.2,2.6,0,79.0,16/01/2024,738901,15:53:02,6.91km,00:30:56,04:29/km,51.456651678308845,-0.21497544832527637
64,10564255934,2.0,Afternoon Run,4007.5,1288,1288,25.0,Run,5,3,3.111,6.256,80.9,346.1,626.0,362.0,445.7,1,1,152.9,179.0,152.9,179,28.4,4.4,3,33.0,15/01/2024,738900,16:37:48,4.01km,00:21:28,05:21/km,51.45670129917562,-0.215012077242136
65,10550659580,2.0,Afternoon Run,6015.0,1525,1530,19.0,Run,2,5,3.944,7.884,82.8,438.5,601.0,438.0,668.7,1,1,174.6,183.0,174.6,183,11.6,3.2,1,90.0,13/01/2024,738898,14:39:29,6.01km,00:25:25,04:14/km,51.47312949411571,-0.18748875707387924
66,10531477324,2.0,Afternoon Run,5004.4,1576,1576,56.0,Run,0,5,3.175,4.082,79.8,368.0,498.0,368.0,580.0,1,1,164.2,178.0,164.2,178,53.4,23.8,0,63.0,10/01/2024,738895,15:08:11,5.00km,00:26:16,05:15/km,51.014645425602794,-0.3789907693862915
67,10524188850,2.0,Lunch Run,7551.1,2027,2027,75.0,Run,0,6,3.725,4.848,81.4,428.6,566.0,431.0,868.7,1,1,167.7,185.0,167.7,185,58.6,29.2,0,97.0,09/01/2024,738894,12:49:02,7.55km,00:33:47,04:28/km,51.0147434938699,-0.378964114934206
68,10506085055,2.0,Lunch Walk,19097.7,14416,14974,191.0,Walk,0,7,1.325,2.05,50.9,n/a,n/a,n/a,n/a,n/a,1,109.8,138.0,109.8,138,53.4,6.2,0,44.0,06/01/2024,738891,11:50:58,19.10km,04:00:16,12:35/km,51.01462095044553,-0.37906939163804054
69,10499012434,2.0,Afternoon Run,5028.0,1416,1416,55.0,Run,0,7,3.551,5.102,80.4,399.2,557.0,399.0,565.3,1,1,176.9,187.0,176.9,187,55.0,22.8,0,86.0,05/01/2024,738890,14:21:43,5.03km,00:23:36,04:42/km,51.01458482444286,-0.37895346991717815
70,10486363313,2.0,Afternoon Run,5012.4,1280,1290,53.0,Run,0,9,3.916,5.266,82.3,448.5,594.0,447.0,574.1,1,1,172.5,188.0,172.5,188,57.8,23.8,0,66.0,03/01/2024,738888,15:19:27,5.01km,00:21:20,04:15/km,51.013832883909345,-0.37862397730350494
71,10430157149,2.0,Lunch Ride,37627.0,5245,8719,410.0,Ride,18,11,7.174,13.504,64.1,109.6,530.0,137.0,575.1,1,0,n/a,n/a,0.0,0,150.0,22.2,8,n/a,24/12/2023,738878,11:09:20,37.63km,01:27:25,25.8km/h,51.01466780528426,-0.3779763914644718
72,10419889058,2.0,Afternoon run,5006.8,1346,1346,47.5,Run,0,7,3.72,10.326,n/a,n/a,n/a,n/a,n/a,n/a,0,n/a,n/a,0.0,0,51.0,21.7,0,n/a,22/12/2023,738876,13:57:33,5.01km,00:22:26,04:29/km,51.01455967873335,-0.37900300696492195
73,10374501490,2.0,Afternoon run,7001.8,1939,1965,32.7,Run,8,8,3.611,7.16,n/a,n/a,n/a,n/a,n/a,n/a,0,n/a,n/a,0.0,0,27.3,4.1,2,n/a,13/12/2023,738867,15:23:35,7.00km,00:32:19,04:37/km,51.4568854495883,-0.2149325329810381
74,10337621469,2.0,Lunch run,5015.8,1324,1324,48.3,Run,0,6,3.788,5.6,n/a,n/a,n/a,n/a,n/a,n/a,0,n/a,n/a,0.0,0,50.9,21.7,0,n/a,06/12/2023,738860,13:04:10,5.02km,00:22:04,04:24/km,51.01460468955338,-0.37892019376158714
75,10301526184,2.0,Afternoon run,5052.5,1481,1481,48.4,Run,0,4,3.412,5.024,n/a,n/a,n/a,n/a,n/a,n/a,0,n/a,n/a,0.0,0,50.9,21.7,0,n/a,29/11/2023,738853,15:47:17,5.05km,00:24:41,04:53/km,51.014638636261225,-0.37909990176558495
76,10268736296,2.0,Afternoon run,7252.6,1872,1872,24.8,Run,11,6,3.874,5.456,n/a,n/a,n/a,n/a,n/a,n/a,0,n/a,n/a,0.0,0,27.7,3.6,1,n/a,23/11/2023,738847,14:58:03,7.25km,00:31:12,04:18/km,51.45685871131718,-0.21437362767755985
77,10257186586,2.0,Afternoon run,5141.4,1340,1340,28.6,Run,6,5,3.837,6.64,n/a,n/a,n/a,n/a,n/a,n/a,0,n/a,n/a,0.0,0,29.8,4.2,5,n/a,21/11/2023,738845,14:59:05,5.14km,00:22:20,04:21/km,51.45693632774055,-0.21485189907252789
78,10234379140,2.0,Afternoon run,7012.7,1667,1667,34.2,Run,13,9,4.207,7.28,n/a,n/a,n/a,n/a,n/a,n/a,0,n/a,n/a,0.0,0,27.7,4.2,8,n/a,17/11/2023,738841,14:31:35,7.01km,00:27:47,03:58/km,51.45688788034022,-0.215011490508914
79,10222991694,2.0,Lunch run,5013.4,1226,1226,47.9,Run,1,4,4.089,6.67,n/a,n/a,n/a,n/a,n/a,n/a,0,n/a,n/a,0.0,0,50.9,21.7,0,n/a,15/11/2023,738839,13:53:26,5.01km,00:20:26,04:05/km,51.01451341062784,-0.37917123176157475
80,10210856452,2.0,Lunch run,7770.4,2041,2041,66.9,Run,1,4,3.807,7.04,n/a,n/a,n/a,n/a,n/a,n/a,0,n/a,n/a,0.0,0,54.8,27.6,0,n/a,13/11/2023,738837,12:22:28,7.77km,00:34:01,04:23/km,51.01459831930697,-0.37876781076192856
81,10197737880,2.0,Park run,5215.9,1245,1245,16.3,Run,35,13,4.189,7.882,n/a,n/a,n/a,n/a,n/a,n/a,0,n/a,n/a,0.0,0,28.4,21.2,18,n/a,11/11/2023,738835,09:02:59,5.22km,00:20:45,03:59/km,51.458325712010264,-0.15290695242583752
82,10170467643,2.0,Lunch run,10627.3,2691,2695,15.1,Run,23,6,3.949,11.504,n/a,n/a,n/a,n/a,n/a,n/a,0,n/a,n/a,0.0,0,26.5,4.0,17,n/a,06/11/2023,738830,13:05:57,10.63km,00:44:51,04:13/km,51.456880420446396,-0.2147664874792099
83,10159152251,2.0,Afternoon run,7505.7,2659,2809,25.6,Run,3,2,2.823,7.093,n/a,n/a,n/a,n/a,n/a,n/a,0,n/a,n/a,0.0,0,27.7,3.6,0,n/a,04/11/2023,738828,14:04:13,7.51km,00:44:19,05:54/km,51.456767935305834,-0.21507058292627335
84,10142657747,2.0,Afternoon run,4316.6,976,976,40.7,Run,6,7,4.423,7.148,n/a,n/a,n/a,n/a,n/a,n/a,0,n/a,n/a,0.0,0,50.9,21.7,5,n/a,01/11/2023,738825,14:32:25,4.32km,00:16:16,03:46/km,51.014694292098284,-0.37787044420838356
85,10132096143,2.0,Evening blast,10007.1,2394,2394,31.4,Run,17,11,4.18,6.25,n/a,n/a,n/a,n/a,n/a,n/a,0,n/a,n/a,0.0,0,26.5,4.0,9,n/a,30/10/2023,738823,18:25:59,10.01km,00:39:54,03:59/km,51.45682694390416,-0.21477604284882545
86,10119182950,2.0,Afternoon run,5871.6,2130,2162,13.6,Run,1,2,2.757,9.522,n/a,n/a,n/a,n/a,n/a,n/a,0,n/a,n/a,0.0,0,26.2,4.2,0,n/a,28/10/2023,738821,14:34:54,5.87km,00:35:30,06:03/km,51.456700125709176,-0.2142350748181343
87,10102568704,2.0,Afternoon Run,7674.6,1896,1899,66.4,Run,6,7,4.048,5.734,n/a,n/a,n/a,n/a,n/a,n/a,0,n/a,n/a,0.0,0,54.8,27.6,2,n/a,25/10/2023,738818,15:46:27,7.67km,00:31:36,04:07/km,51.014515003189445,-0.3787092212587595
88,10091024670,2.0,Evening run,7054.2,1829,1829,33.4,Run,12,4,3.857,5.972,n/a,n/a,n/a,n/a,n/a,n/a,0,n/a,n/a,0.0,0,27.1,4.2,1,n/a,23/10/2023,738816,17:11:50,7.05km,00:30:29,04:19/km,51.456913109868765,-0.21494166925549507
89,10072684194,2.0,Afternoon run,6172.5,1581,2389,39.0,Run,2,1,3.904,9.146,n/a,n/a,n/a,n/a,n/a,n/a,0,n/a,n/a,0.0,0,33.8,5.5,1,n/a,20/10/2023,738813,15:09:05,6.17km,00:26:21,04:16/km,51.45695401355624,-0.214935801923275
90,10049291154,2.0,Afternoon run,7211.4,2026,2031,36.8,Run,3,8,3.559,7.446,n/a,n/a,n/a,n/a,n/a,n/a,0,n/a,n/a,0.0,0,27.7,4.2,1,n/a,16/10/2023,738809,15:23:32,7.21km,00:33:46,04:41/km,51.456969352439046,-0.21489489823579788
91,10034979579,2.0,Park run,5168.3,1248,1248,0.0,Run,16,9,4.141,5.58,n/a,n/a,n/a,n/a,n/a,n/a,0,n/a,n/a,0.0,0,5.2,3.9,6,n/a,14/10/2023,738807,09:11:55,5.17km,00:20:48,04:01/km,51.4710783585906,-0.21837757900357246
92,10012252087,2.0,Lunch run,7653.9,2044,2044,67.2,Run,6,8,3.745,5.962,n/a,n/a,n/a,n/a,n/a,n/a,0,n/a,n/a,0.0,0,54.9,27.5,0,n/a,10/10/2023,738803,13:27:24,7.65km,00:34:04,04:27/km,51.01458960212767,-0.3784974105656147
93,10001424269,2.0,Evening jog,1527.4,364,364,13.1,Run,0,0,4.196,5.494,n/a,n/a,n/a,n/a,n/a,n/a,0,n/a,n/a,0.0,0,27.8,14.6,0,n/a,08/10/2023,738801,16:33:22,1.53km,00:06:04,03:58/km,51.4569044765085,-0.21483111195266247
94,9974424166,2.0,Tempo 2ks with Runna ‚úÖ,6812.3,1867,1870,24.2,Run,9,4,3.649,5.896,n/a,n/a,n/a,n/a,n/a,n/a,0,n/a,n/a,0.0,0,26.6,4.2,6,n/a,04/10/2023,738797,12:03:40,6.81km,00:31:07,04:34/km,51.456940937787294,-0.21474511362612247
95,9968250753,2.0,Lunch Ride,29604.3,3838,3901,255.0,Ride,62,6,7.713,15.76,68.2,146.8,787.0,176.0,563.4,1,0,n/a,n/a,0.0,0,57.6,9.0,29,n/a,03/10/2023,738796,12:27:05,29.60km,01:03:58,27.8km/h,51.45710547454655,-0.21461108699440956
96,9956578777,2.0,Lunch Ride,56704.5,8216,12177,445.0,Ride,0,6,6.902,14.122,65.2,109.1,356.0,123.0,896.1,1,0,n/a,n/a,0.0,0,194.6,32.6,0,n/a,01/10/2023,738794,11:28:00,56.70km,02:16:56,24.8km/h,51.4685985725373,-0.7835518755018711
97,9947137359,2.0,Park run,5086.8,1217,1217,5.6,Run,4,9,4.18,6.698,n/a,n/a,n/a,n/a,n/a,n/a,0,n/a,n/a,0.0,0,30.8,27.4,2,n/a,30/09/2023,738793,09:00:01,5.09km,00:20:17,03:59/km,51.566414376720786,-0.7790081296116114
98,9929643654,2.0,6km Easy Run with Runna ‚úÖ,6009.5,1938,1951,37.9,Run,6,3,3.101,4.302,n/a,n/a,n/a,n/a,n/a,n/a,0,n/a,n/a,0.0,0,46.8,9.6,0,n/a,27/09/2023,738790,11:17:04,6.01km,00:32:18,05:22/km,51.456860806792974,-0.21423029713332653
99,9917034222,2.0,12km Long Run with Runna ‚úÖ,12511.0,3388,3416,19.8,Run,9,9,3.693,6.755,n/a,n/a,n/a,n/a,n/a,n/a,0,n/a,n/a,0.0,0,26.6,4.2,3,n/a,25/09/2023,738788,12:13:39,12.51km,00:56:28,04:31/km,51.456879833713174,-0.21429559215903282
100,9900082242,2.0,Evening Ride,29236.1,3329,3414,259.0,Ride,270,5,8.782,15.238,78.0,200.7,613.0,215.0,668.2,1,0,n/a,n/a,0.0,0,56.6,3.8,203,n/a,22/09/2023,738785,18:08:08,29.24km,00:55:29,31.6km/h,51.45731250755489,-0.2145133540034294
101,9885657760,2.0,Shorter Intervals with Runna ‚úÖ,10004.3,3038,3044,78.8,Run,1,7,3.293,8.428,n/a,n/a,n/a,n/a,n/a,n/a,0,n/a,n/a,0.0,0,54.9,27.5,0,n/a,20/09/2023,738783,12:00:27,10.00km,00:50:38,05:04/km,51.01468775421381,-0.37900527007877827
102,9872644910,2.0,6km Easy Run with Runna ‚úÖ,6212.9,1897,1900,8.9,Run,10,4,3.275,8.254,n/a,n/a,n/a,n/a,n/a,n/a,0,n/a,n/a,0.0,0,27.4,3.7,3,n/a,18/09/2023,738781,11:36:55,6.21km,00:31:37,05:05/km,51.45691419951618,-0.2145959995687008
103,9847282705,2.0,10km Long Run with Runna ‚úÖ,10864.9,3919,4296,354.9,Run,0,9,2.772,5.124,n/a,n/a,n/a,n/a,n/a,n/a,0,n/a,n/a,0.0,0,348.3,69.2,0,n/a,14/09/2023,738777,14:07:38,10.86km,01:05:19,06:01/km,36.27135551534593,29.414507606998086
104,9828844269,2.0,Rolling 300s with Runna ‚úÖ,9008.7,2623,2651,86.5,Run,0,7,3.434,5.476,n/a,n/a,n/a,n/a,n/a,n/a,0,n/a,n/a,0.0,0,53.1,13.3,0,n/a,11/09/2023,738774,16:57:34,9.01km,00:43:43,04:51/km,51.45708586089313,-0.21459683775901794
105,9822775823,2.0,Afternoon run,6288.8,2277,2277,16.5,Run,0,4,2.762,4.73,n/a,n/a,n/a,n/a,n/a,n/a,0,n/a,n/a,0.0,0,26.6,4.2,0,n/a,10/09/2023,738773,16:04:31,6.29km,00:37:57,06:02/km,51.45683038048446,-0.21436390466988087
106,9815863010,2.0,Windsor loop,90508.4,12844,19328,301.0,Ride,441,8,7.047,13.978,61.6,105.9,472.0,114.0,1360.2,1,0,n/a,n/a,0.0,0,63.0,7.4,37,n/a,09/09/2023,738772,11:35:34,90.51km,03:34:04,25.4km/h,51.456988379359245,-0.21423624828457832
107,9808144761,2.0,Lunch Ride,31097.8,4031,6310,244.0,Ride,21,6,7.715,14.596,67.9,138.0,527.0,155.0,556.2,1,0,n/a,n/a,0.0,0,86.6,20.0,7,n/a,08/09/2023,738771,12:26:16,31.10km,01:07:11,27.8km/h,51.014728490263224,-0.3778969310224056
108,9803695160,2.0,Evening Ride,17386.9,1876,1876,129.0,Ride,13,6,9.268,16.776,83.1,225.5,677.0,227.0,423.0,1,0,n/a,n/a,0.0,0,58.8,14.8,10,n/a,07/09/2023,738770,18:44:27,17.39km,00:31:16,33.4km/h,51.014719773083925,-0.37811930291354656
109,9800185261,2.0,Morning run,5004.8,1263,1263,49.0,Run,0,7,3.963,7.008,n/a,n/a,n/a,n/a,n/a,n/a,0,n/a,n/a,0.0,0,50.9,21.6,0,n/a,07/09/2023,738770,08:44:32,5.00km,00:21:03,04:12/km,51.014656238257885,-0.37802173756062984
110,9790689662,2.0,Evening run,4172.2,1088,1806,29.7,Run,0,3,3.835,8.076,n/a,n/a,n/a,n/a,n/a,n/a,0,n/a,n/a,0.0,0,26.8,5.2,0,n/a,05/09/2023,738768,19:06:19,4.17km,00:18:08,04:21/km,51.45708845928311,-0.21457219496369362
111,9780591387,2.0,Lunch run,10002.6,2546,2548,16.7,Run,20,9,3.929,6.605,n/a,n/a,n/a,n/a,n/a,n/a,0,n/a,n/a,0.0,0,27.4,3.7,1,n/a,04/09/2023,738767,11:32:28,10.00km,00:42:26,04:15/km,51.45683431997895,-0.21462332457304
112,9774037772,2.0,Morning Ride,51630.1,6936,8031,166.0,Ride,747,7,7.444,12.238,65.9,125.0,767.0,150.0,867.1,1,0,n/a,n/a,0.0,0,38.2,2.0,277,n/a,03/09/2023,738766,09:03:31,51.63km,01:55:36,26.8km/h,51.45722407847643,-0.21440883167088032
113,9770199228,2.0,Afternoon Ride,29348.6,4080,4617,235.0,Ride,33,6,7.193,18.07,56.8,124.9,885.0,186.0,509.7,1,0,n/a,n/a,0.0,0,57.6,4.8,18,n/a,02/09/2023,738765,17:09:19,29.35km,01:08:00,25.9km/h,51.45719323307276,-0.21461980417370796
114,9760298542,2.0,Morning run,3497.6,951,987,21.6,Run,1,4,3.678,6.768,n/a,n/a,n/a,n/a,n/a,n/a,0,n/a,n/a,0.0,0,27.2,5.2,0,n/a,01/09/2023,738764,08:06:01,3.50km,00:15:51,04:32/km,51.45685317926109,-0.21460128016769886
115,9737637077,2.0,Afternoon Ride,36499.0,5163,11264,252.0,Ride,56,10,7.069,15.372,57.5,113.8,872.0,176.0,587.7,1,0,n/a,n/a,0.0,0,116.0,8.4,18,n/a,28/08/2023,738760,14:42:11,36.50km,01:26:03,25.4km/h,51.45703732967377,-0.214277571067214
116,9725052857,2.0,Afternoon run,5283.6,1403,1406,45.7,Run,0,4,3.766,5.962,n/a,n/a,n/a,n/a,n/a,n/a,0,n/a,n/a,0.0,0,47.8,3.8,0,n/a,26/08/2023,738758,16:50:32,5.28km,00:23:23,04:26/km,36.45835351198912,-5.046239895746112
117,9717748309,2.0,Marbella meander,7053.8,2323,2323,136.0,Run,0,10,3.036,5.162,n/a,n/a,n/a,n/a,n/a,n/a,0,n/a,n/a,0.0,0,94.6,4.9,0,n/a,25/08/2023,738757,13:49:03,7.05km,00:38:43,05:29/km,36.458389051258564,-5.046254396438599
118,9707332854,2.0,Evening run,5004.6,1196,1196,25.8,Run,1,6,4.184,6.266,n/a,n/a,n/a,n/a,n/a,n/a,0,n/a,n/a,0.0,0,46.8,9.6,0,n/a,23/08/2023,738755,19:18:32,5.00km,00:19:56,03:59/km,51.45709122531116,-0.21463371813297272
119,9700564796,2.0,Evening Ride,23844.7,2794,2959,169.0,Ride,314,5,8.534,17.094,70.8,176.7,535.0,207.0,493.7,1,0,n/a,n/a,0.0,0,62.0,11.2,153,n/a,22/08/2023,738754,18:47:53,23.84km,00:46:34,30.7km/h,51.457079742103815,-0.21426952444016933
120,9692706947,2.0,Evening jog,5088.2,1787,1790,49.2,Run,0,5,2.847,4.48,n/a,n/a,n/a,n/a,n/a,n/a,0,n/a,n/a,0.0,0,50.9,21.6,0,n/a,21/08/2023,738753,17:08:22,5.09km,00:29:47,05:51/km,51.0145259834826,-0.37894701585173607
121,9670801980,2.0,Morning run,5102.7,1601,1601,146.1,Run,0,10,3.187,5.804,n/a,n/a,n/a,n/a,n/a,n/a,0,n/a,n/a,0.0,0,134.2,3.1,0,n/a,18/08/2023,738750,10:16:32,5.10km,00:26:41,05:14/km,39.79673059657216,19.886453608050942
122,9627140232,2.0,Afternoon run,5234.9,1769,1902,27.5,Run,0,4,2.959,6.35,n/a,n/a,n/a,n/a,n/a,n/a,0,n/a,n/a,0.0,0,27.0,4.1,0,n/a,11/08/2023,738743,16:13:20,5.23km,00:29:29,05:38/km,51.456799702718854,-0.21435124799609184
123,9621280511,2.0,Afternoon Ride,29808.9,3469,3572,237.0,Ride,413,8,8.593,16.484,69.6,185.9,607.0,206.0,644.7,1,0,n/a,n/a,0.0,0,58.0,10.0,118,n/a,10/08/2023,738742,17:19:23,29.81km,00:57:49,30.9km/h,51.45738048478961,-0.21455048583447933
124,9604459666,2.0,Morning Ride,48881.0,6816,9852,573.0,Ride,18,13,7.172,15.605,58.2,126.2,751.0,167.0,860.4,1,0,n/a,n/a,0.0,0,198.2,17.8,5,n/a,08/08/2023,738740,06:07:38,48.88km,01:53:36,25.8km/h,51.01463561877608,-0.3779328055679798
125,9594785741,2.0,Afternoon Ride,31596.5,3945,6247,228.0,Ride,37,7,8.009,12.744,57.2,156.9,532.0,170.0,619.1,1,0,n/a,n/a,0.0,0,57.0,5.6,25,n/a,06/08/2023,738738,14:45:15,31.60km,01:05:45,28.8km/h,51.014655819162726,-0.37805660627782345
126,9569981532,2.0,Evening run,4413.4,1103,1103,40.8,Run,1,4,4.001,5.848,n/a,n/a,n/a,n/a,n/a,n/a,0,n/a,n/a,0.0,0,50.9,21.6,0,n/a,02/08/2023,738734,17:30:02,4.41km,00:18:23,04:10/km,51.01456110365689,-0.37879773415625095
127,9557577078,2.0,Evening Ride,29275.2,4139,4182,272.0,Ride,16,6,7.073,16.084,51.7,125.4,821.0,164.0,519.0,1,0,n/a,n/a,0.0,0,60.8,11.4,4,n/a,31/07/2023,738732,18:33:34,29.28km,01:08:59,25.5km/h,51.45694546401501,-0.21419400349259377
128,9525752668,2.0,Afternoon Ride,29887.3,3916,4191,248.0,Ride,23,7,7.632,14.62,56.9,151.5,489.0,166.0,593.4,1,0,n/a,n/a,0.0,0,60.2,12.2,13,n/a,26/07/2023,738727,15:16:34,29.89km,01:05:16,27.5km/h,51.457186779007316,-0.21430129185318947
129,9520295034,2.0,Evening run,5003.7,1226,1226,25.3,Run,2,7,4.081,7.876,n/a,n/a,n/a,n/a,n/a,n/a,0,n/a,n/a,0.0,0,27.8,4.2,0,n/a,25/07/2023,738726,18:53:53,5.00km,00:20:26,04:05/km,51.45713120698929,-0.21431026048958302
130,9506418926,2.0,Afternoon Ride,29184.5,3983,4249,272.0,Ride,157,5,7.327,16.526,60.1,146.2,624.0,179.0,582.2,1,0,n/a,n/a,0.0,0,62.2,12.0,19,n/a,23/07/2023,738724,13:30:57,29.18km,01:06:23,26.4km/h,51.45710228942335,-0.21423515863716602
131,9498060424,2.0,Parkrun,5162.3,1251,1251,0.0,Run,35,11,4.127,6.096,n/a,n/a,n/a,n/a,n/a,n/a,0,n/a,n/a,0.0,0,5.4,4.0,13,n/a,22/07/2023,738723,09:12:10,5.16km,00:20:51,04:02/km,51.47108196280897,-0.21840892732143402
132,9492323333,2.0,Morning Ride,51286.3,5778,9246,167.0,Ride,122,10,8.876,16.331,69.0,162.1,805.0,177.0,936.4,1,0,n/a,n/a,0.0,0,54.8,5.4,56,n/a,21/07/2023,738722,06:32:47,51.29km,01:36:18,32.0km/h,51.46182959899306,-0.2211516536772251
133,9444932692,2.0,Afternoon Ride,30417.3,3634,4020,225.0,Ride,452,7,8.37,17.18,67.4,167.2,651.0,193.0,607.6,1,0,n/a,n/a,0.0,0,60.2,11.8,201,n/a,13/07/2023,738714,17:29:17,30.42km,01:00:34,30.1km/h,51.457023080438375,-0.214611841365695
134,9426531458,2.0,Evening Ride,8531.5,1017,6696,52.0,Ride,27,1,8.389,13.34,69.5,243.1,718.0,233.0,247.2,1,0,n/a,n/a,0.0,0,35.0,4.8,19,n/a,10/07/2023,738711,19:06:01,8.53km,00:16:57,30.2km/h,51.457198513671756,-0.21443565376102924
135,9420283042,2.0,Afternoon Ride,33882.2,5387,7937,122.0,Ride,65,7,6.29,12.602,56.0,111.9,930.0,138.0,602.7,1,0,n/a,n/a,0.0,0,44.4,6.0,25,n/a,09/07/2023,738710,17:07:01,33.88km,01:29:47,22.6km/h,51.45725551061332,-0.21452483721077442
136,9411370936,2.0,Windsor loop,87101.0,11083,15158,309.0,Ride,210,9,7.859,13.876,62.4,138.1,801.0,156.0,1530.6,1,0,n/a,n/a,0.0,0,48.8,-46.8,46,n/a,08/07/2023,738709,08:59:36,87.10km,03:04:43,28.3km/h,51.45717973820865,-0.2140313107520342
137,9400963390,2.0,Evening run,6629.4,1737,1740,35.3,Run,17,5,3.817,6.157,n/a,n/a,n/a,n/a,n/a,n/a,0,n/a,n/a,0.0,0,27.7,4.1,6,n/a,06/07/2023,738707,18:27:31,6.63km,00:28:57,04:22/km,51.45714981481433,-0.21456733345985413
138,9399261585,2.0,Afternoon Run,2268.3,543,543,16.0,Run,0,2,4.177,6.328,n/a,n/a,n/a,n/a,n/a,n/a,0,n/a,n/a,0.0,0,27.7,11.7,0,n/a,06/07/2023,738707,14:02:09,2.27km,00:09:03,03:59/km,51.45721427164972,-0.21461586467921734
139,9381811997,2.0,Afternoon Ride,30018.8,3497,3724,240.0,Ride,550,8,8.584,16.714,70.9,190.6,724.0,214.0,666.5,1,0,n/a,n/a,0.0,0,56.0,4.6,314,n/a,03/07/2023,738704,17:32:50,30.02km,00:58:17,30.9km/h,51.45717479288578,-0.214481083676219
140,9378849565,2.0,Morning Ride,4210.0,586,586,30.0,Ride,1,2,7.184,9.87,70.4,204.9,709.0,210.0,120.1,1,0,n/a,n/a,0.0,0,27.6,5.6,1,n/a,03/07/2023,738704,08:39:30,4.21km,00:09:46,25.9km/h,51.47285599261522,-0.1873142458498478
141,9376831482,2.0,Evening Ride,3978.5,478,478,15.0,Ride,19,1,8.323,12.608,66.3,226.2,588.0,226.0,108.1,1,0,n/a,n/a,0.0,0,29.2,6.0,10,n/a,02/07/2023,738703,19:57:37,3.98km,00:07:58,30.0km/h,51.45713564939797,-0.21444168873131275
142,9352925318,2.0,Evening Ride,35636.4,4359,9064,279.0,Ride,635,9,8.175,16.546,67.3,172.4,696.0,184.0,751.4,1,0,n/a,n/a,0.0,0,56.2,6.6,188,n/a,28/06/2023,738699,19:07:03,35.64km,01:12:39,29.4km/h,51.45704520866275,-0.2142361644655466
143,9345880665,2.0,Evening Ride,19140.4,2570,2703,147.0,Ride,30,3,7.448,15.61,58.6,133.1,865.0,153.0,342.2,1,0,n/a,n/a,0.0,0,59.0,11.6,17,n/a,27/06/2023,738698,18:54:31,19.14km,00:42:50,26.8km/h,51.45703858695924,-0.21426726132631302
144,9339075743,2.0,Evening run,7045.2,1723,1728,36.6,Run,16,5,4.089,7.538,n/a,n/a,n/a,n/a,n/a,n/a,0,n/a,n/a,0.0,0,27.7,4.1,11,n/a,26/06/2023,738697,18:08:08,7.05km,00:28:43,04:05/km,51.45683088339865,-0.2143483143299818
145,9326130156,2.0,Morning Ride,68506.9,10077,23331,996.0,Ride,4,11,6.798,18.688,62.5,138.0,720.0,177.0,1390.5,1,0,n/a,n/a,0.0,0,163.8,2.6,0,n/a,24/06/2023,738695,09:30:36,68.51km,02:47:57,24.5km/h,51.6784406080842,-4.712614249438047
146,9313384147,2.0,Morning Ride,35754.2,5312,8989,527.0,Ride,0,7,6.731,17.688,58.2,127.9,760.0,188.0,679.2,1,0,n/a,n/a,0.0,0,102.2,1.0,0,n/a,22/06/2023,738693,10:54:15,35.75km,01:28:32,24.2km/h,51.67875769548118,-4.712904766201973
147,9296131930,2.0,Evening run,5006.2,1153,1153,30.2,Run,2,6,4.342,6.386,n/a,n/a,n/a,n/a,n/a,n/a,0,n/a,n/a,0.0,0,46.8,9.5,0,n/a,19/06/2023,738690,18:23:11,5.01km,00:19:13,03:50/km,51.457886416465044,-0.21832795813679695
148,9291411792,2.0,Evening run,3021.5,749,749,17.6,Run,11,3,4.034,7.844,n/a,n/a,n/a,n/a,n/a,n/a,0,n/a,n/a,0.0,0,26.8,4.5,5,n/a,18/06/2023,738689,20:40:37,3.02km,00:12:29,04:08/km,51.45689810626209,-0.21466020494699478
149,9275797839,2.0,Morning ride,31540.0,4468,5146,277.5,Ride,8,5,7.059,17.5,n/a,124.1,n/a,n/a,554.3,0,0,n/a,n/a,0.0,0,85.4,10.1,1,n/a,16/06/2023,738687,10:26:51,31.54km,01:14:28,25.4km/h,51.014681132510304,-0.377959543839097
150,9265780220,2.0,Evening run,6128.3,1719,1719,16.4,Run,7,4,3.565,6.2,n/a,n/a,n/a,n/a,n/a,n/a,0,n/a,n/a,0.0,0,26.6,4.1,0,n/a,14/06/2023,738685,18:33:33,6.13km,00:28:39,04:41/km,51.45700321532786,-0.21444990299642086
151,9258738498,2.0,Evening run,6377.7,1556,1572,16.5,Run,9,4,4.099,6.49,n/a,n/a,n/a,n/a,n/a,n/a,0,n/a,n/a,0.0,0,18.4,3.6,9,n/a,13/06/2023,738684,17:36:07,6.38km,00:25:56,04:04/km,51.46140094846487,-0.21998221054673195
152,9237877601,2.0,Morning Ride,54995.6,7294,9753,416.0,Ride,559,5,7.54,15.708,56.3,130.8,768.0,162.0,954.0,1,0,n/a,n/a,0.0,0,57.4,4.8,428,n/a,10/06/2023,738681,08:58:56,55.00km,02:01:34,27.1km/h,51.46275923587382,-0.2212866023182869
153,9233674393,2.0,Afternoon run,7619.8,2108,2168,66.8,Run,2,4,3.615,5.762,n/a,n/a,n/a,n/a,n/a,n/a,0,n/a,n/a,0.0,0,54.8,27.6,0,n/a,09/06/2023,738680,17:12:32,7.62km,00:35:08,04:37/km,51.014703176915646,-0.37787740118801594
154,9227164172,2.0,G&D run,4342.6,1017,1017,41.0,Run,5,3,4.27,5.86,n/a,n/a,n/a,n/a,n/a,n/a,0,n/a,n/a,0.0,0,50.9,21.4,1,n/a,08/06/2023,738679,16:32:36,4.34km,00:16:57,03:54/km,51.01471566595137,-0.37797823548316956
155,9216070909,2.0,Evening Ride,30720.4,4435,6582,234.0,Ride,37,4,6.927,14.616,57.7,106.9,673.0,150.0,473.9,1,0,n/a,n/a,0.0,0,59.0,7.6,22,n/a,06/06/2023,738677,19:10:03,30.72km,01:13:55,24.9km/h,51.45699349232018,-0.21432635374367237
156,9208635510,2.0,Evening run,5055.8,1185,1185,25.3,Run,5,5,4.266,10.531,n/a,n/a,n/a,n/a,n/a,n/a,0,n/a,n/a,0.0,0,27.7,4.2,3,n/a,05/06/2023,738676,18:27:27,5.06km,00:19:45,03:54/km,51.4567749761045,-0.2149723470211029
157,9203707878,2.0,Evening Ride,25544.7,3820,4294,191.0,Ride,65,4,6.687,14.232,56.8,102.2,566.0,122.0,390.2,1,0,n/a,n/a,0.0,0,63.4,13.0,3,n/a,04/06/2023,738675,19:23:52,25.54km,01:03:40,24.1km/h,51.45704680122435,-0.21426432766020298
158,9168465743,2.0,Lunch run,10005.7,2509,2509,21.5,Run,17,7,3.988,11.428,n/a,n/a,n/a,n/a,n/a,n/a,0,n/a,n/a,0.0,0,27.3,4.1,8,n/a,30/05/2023,738670,11:43:12,10.01km,00:41:49,04:11/km,51.45713095553219,-0.2144866157323122
159,9165499037,2.0,Evening Ride,24168.6,3706,4178,224.0,Ride,58,4,6.521,13.44,56.5,100.8,338.0,122.0,373.5,1,0,n/a,n/a,0.0,0,58.6,7.2,12,n/a,29/05/2023,738669,19:52:22,24.17km,01:01:46,23.5km/h,51.45702417008579,-0.21426566876471043
160,9155545428,2.0,Morning Ride,48366.4,6324,10410,326.0,Ride,110,8,7.648,13.876,68.7,131.1,634.0,152.0,829.4,1,0,n/a,n/a,0.0,0,178.4,9.0,45,n/a,28/05/2023,738668,08:43:09,48.37km,01:45:24,27.5km/h,51.45700581371784,-0.2142061572521925
161,9151400522,2.0,Afternoon Ride,25174.3,3977,4241,222.0,Ride,46,4,6.33,14.444,60.6,82.2,362.0,109.0,326.9,1,0,n/a,n/a,0.0,0,70.4,15.0,1,n/a,27/05/2023,738667,16:17:28,25.17km,01:06:17,22.8km/h,51.457090973854065,-0.21420087665319443
162,9126890100,2.0,Evening run,4365.4,1059,1059,41.0,Run,4,5,4.122,7.052,n/a,n/a,n/a,n/a,n/a,n/a,0,n/a,n/a,0.0,0,50.9,21.4,2,n/a,23/05/2023,738663,19:22:16,4.37km,00:17:39,04:03/km,51.01470242254436,-0.37791059352457523
163,9115634476,2.0,Evening run,5255.9,1213,1213,29.3,Run,11,7,4.333,9.584,n/a,n/a,n/a,n/a,n/a,n/a,0,n/a,n/a,0.0,0,27.7,4.6,6,n/a,21/05/2023,738661,20:29:51,5.26km,00:20:13,03:51/km,51.45710488781333,-0.21428285166621208
164,9094602593,2.0,Lunch Ride,61219.6,7925,11487,574.0,Ride,20,7,7.725,16.895,67.0,122.8,884.0,142.0,973.0,1,1,136.6,170.0,136.6,170,106.4,15.2,8,93.0,18/05/2023,738658,12:12:43,61.22km,02:12:05,27.8km/h,51.01467442698777,-0.37790640257298946
165,9088903266,2.0,Evening run,7617.3,1889,1889,66.7,Run,8,6,4.032,6.404,n/a,n/a,n/a,n/a,n/a,n/a,0,n/a,n/a,0.0,0,54.8,27.6,4,n/a,17/05/2023,738657,17:17:49,7.62km,00:31:29,04:08/km,51.0146797914058,-0.3778096754103899
166,9080989696,2.0,Surrey hills,52024.6,7422,7725,784.0,Ride,0,7,7.01,18.2,n/a,151.3,n/a,n/a,1122.7,0,0,n/a,n/a,0.0,0,254.0,43.8,0,n/a,16/05/2023,738656,10:31:13,52.02km,02:03:42,25.2km/h,51.253001941367984,-0.3246211353689432
167,9065460509,2.0,Evening run,5137.3,1952,1961,2.7,Run,0,2,2.632,4.172,n/a,n/a,n/a,n/a,n/a,n/a,0,n/a,n/a,0.0,0,89.3,86.0,0,n/a,13/05/2023,738653,18:26:31,5.14km,00:32:32,06:20/km,51.64816215634346,-1.972324177622795
168,9052049102,2.0,PR8 Ponta de Sao Louren√ßo,8238.3,7263,8306,395.6,Hike,0,7,1.134,3.406,n/a,n/a,n/a,n/a,n/a,n/a,0,n/a,n/a,0.0,0,86.2,8.4,0,n/a,11/05/2023,738651,13:03:08,8.24km,02:01:03,14:42/km,32.741269217804074,-16.70296856202185
169,9026600048,2.0,PR1 trail Pico Arieiro - Pico Ruivo,9076.1,8131,14952,567.8,Hike,0,6,1.116,7.399,n/a,n/a,n/a,n/a,n/a,n/a,0,n/a,n/a,0.0,0,1828.6,1556.6,0,n/a,07/05/2023,738647,07:46:08,9.08km,02:15:31,14:56/km,32.73548109456897,-16.92871877923608
170,9021784946,2.0,Penha de Aguia climb,9084.0,9779,12635,529.7,Hike,0,5,0.929,5.688,n/a,n/a,n/a,n/a,n/a,n/a,0,n/a,n/a,0.0,0,316.4,-25.9,0,n/a,06/05/2023,738646,12:27:06,9.08km,02:42:59,17:56/km,32.771313562989235,-16.843686550855637
171,9010190085,2.0,Afternoon run,4413.0,1115,1115,41.1,Run,2,3,3.958,5.684,n/a,n/a,n/a,n/a,n/a,n/a,0,n/a,n/a,0.0,0,50.9,21.4,1,n/a,04/05/2023,738644,17:27:43,4.41km,00:18:35,04:13/km,51.014548698440194,-0.37900627590715885
172,9002742764,2.0,Morning Ride,101019.0,12740,18578,969.0,Ride,20,8,7.929,19.676,n/a,155.8,n/a,n/a,1985.4,0,0,n/a,n/a,0.0,0,185.2,13.8,5,n/a,03/05/2023,738643,09:25:14,101.02km,03:32:20,28.5km/h,51.014664536342025,-0.3780145291239023
173,8979867950,2.0,Evening jog pre injury,1850.5,633,648,7.9,Run,0,0,2.923,4.523,n/a,n/a,n/a,n/a,n/a,n/a,0,n/a,n/a,0.0,0,11.8,3.8,0,n/a,29/04/2023,738639,19:46:36,1.85km,00:10:33,05:42/km,51.47301625460386,-0.18741600215435028
174,8972786079,2.0,Afternoon Ride,34501.2,4055,4114,279.3,Ride,30,5,8.508,15.624,n/a,169.3,n/a,n/a,686.3,0,0,n/a,n/a,0.0,0,85.4,10.1,14,n/a,28/04/2023,738638,16:09:44,34.50km,01:07:35,30.6km/h,51.014667470008135,-0.3780296165496111
175,8965590583,2.0,Morning blast,16391.8,1813,1813,128.0,Ride,16,6,9.041,12.898,n/a,190.9,n/a,n/a,346.2,0,0,n/a,n/a,0.0,0,58.2,14.8,4,n/a,27/04/2023,738637,11:35:39,16.39km,00:30:13,32.5km/h,51.01462019607425,-0.37810237146914005
176,8961243098,2.0,Afternoon jog,5564.7,2019,2077,33.2,Run,0,3,2.756,5.104,n/a,n/a,n/a,n/a,n/a,n/a,0,n/a,n/a,0.0,0,47.1,37.3,0,n/a,26/04/2023,738636,16:45:42,5.56km,00:33:39,06:03/km,51.46873134188354,-0.7825542613863945
177,8952736026,2.0,Morning Run,5017.5,1467,1471,31.3,Run,0,7,3.42,5.584,n/a,n/a,n/a,n/a,n/a,n/a,0,n/a,n/a,0.0,0,19.5,4.2,0,n/a,25/04/2023,738635,08:39:55,5.02km,00:24:27,04:52/km,37.079149866476655,-8.126229895278811
178,8948573358,2.0,Algarve climbing,100928.0,14899,19432,1469.0,Ride,0,12,6.774,18.906,n/a,140.4,n/a,n/a,2092.3,0,0,n/a,n/a,0.0,0,505.2,22.6,0,n/a,24/04/2023,738634,09:55:45,100.93km,04:08:19,24.4km/h,37.11672082543373,-8.121691849082708
179,8940669057,2.0,Morning run,6017.9,1693,1693,9.1,Run,0,10,3.555,4.56,n/a,n/a,n/a,n/a,n/a,n/a,0,n/a,n/a,0.0,0,13.9,4.7,0,n/a,23/04/2023,738633,08:54:32,6.02km,00:28:13,04:41/km,37.07913511432707,-8.126230984926224
180,8935776791,2.0,Morning Ride,53240.2,6994,9499,525.0,Ride,13,11,7.612,16.592,n/a,145.9,n/a,n/a,1020.5,0,0,n/a,n/a,0.0,0,161.4,10.2,12,n/a,22/04/2023,738632,10:12:45,53.24km,01:56:34,27.4km/h,37.116738175973296,-8.121669553220272
181,8929941116,2.0,Morning Ride,52012.1,7381,8816,716.0,Ride,1,7,7.047,17.991,n/a,147.2,n/a,n/a,1086.3,0,0,n/a,n/a,0.0,0,288.8,36.8,0,n/a,21/04/2023,738631,10:28:21,52.01km,02:03:01,25.4km/h,37.1167326439172,-8.121648179367185
182,8920727360,2.0,Evening jog,5077.5,1719,1723,9.4,Run,4,1,2.954,6.378,n/a,n/a,n/a,n/a,n/a,n/a,0,n/a,n/a,0.0,0,27.2,4.1,0,n/a,19/04/2023,738629,19:04:02,5.08km,00:28:39,05:39/km,51.45689190365374,-0.21496052853763103
183,8912370989,2.0,Lunch Ride,50989.6,6779,9227,440.0,Ride,45,7,7.522,14.532,n/a,130.7,n/a,n/a,886.1,0,0,n/a,n/a,0.0,0,90.4,24.6,14,n/a,18/04/2023,738628,11:12:32,50.99km,01:52:59,27.1km/h,51.014700662344694,-0.3779840189963579
184,8902985034,2.0,Evening jog,6395.8,2522,2560,22.5,Run,6,3,2.536,6.002,n/a,n/a,n/a,n/a,n/a,n/a,0,n/a,n/a,0.0,0,27.2,4.1,0,n/a,16/04/2023,738626,17:55:56,6.40km,00:42:02,06:34/km,51.45684940740466,-0.21507586352527142
185,8896891779,2.0,Evening run,5071.5,1847,1904,27.2,Run,2,1,2.746,6.176,n/a,n/a,n/a,n/a,n/a,n/a,0,n/a,n/a,0.0,0,27.7,4.2,0,n/a,15/04/2023,738625,19:59:31,5.07km,00:30:47,06:04/km,51.45686885342002,-0.2149156853556633
186,8867134862,2.0,G&D run,4291.5,1059,1059,41.0,Run,0,8,4.052,7.918,n/a,n/a,n/a,n/a,n/a,n/a,0,n/a,n/a,0.0,0,50.9,21.4,0,n/a,10/04/2023,738620,17:33:47,4.29km,00:17:39,04:07/km,51.014720192179084,-0.3779382538050413
187,8859406904,2.0,Lunch jog,5076.8,2019,2044,44.6,Run,0,4,2.515,5.694,n/a,n/a,n/a,n/a,n/a,n/a,0,n/a,n/a,0.0,0,51.2,21.4,0,n/a,09/04/2023,738619,12:06:50,5.08km,00:33:39,06:38/km,51.01460259407759,-0.37895833142101765
188,8843009931,2.0,Afternoon run,5100.0,1422,1511,28.6,Run,3,2,3.586,8.199,n/a,n/a,n/a,n/a,n/a,n/a,0,n/a,n/a,0.0,0,29.7,4.2,0,n/a,06/04/2023,738616,16:19:31,5.10km,00:23:42,04:39/km,51.457106648012996,-0.21434747613966465
189,8837154923,2.0,Afternoon Ride,30033.8,3947,4366,240.0,Ride,481,5,7.609,14.774,n/a,142.5,n/a,n/a,562.6,0,0,n/a,n/a,0.0,0,70.0,6.4,98,n/a,05/04/2023,738615,14:36:01,30.03km,01:05:47,27.4km/h,51.45980880595744,-0.21737292408943176
190,8829801410,2.0,Lunch run,5207.9,1406,1489,29.1,Run,4,3,3.704,6.825,n/a,n/a,n/a,n/a,n/a,n/a,0,n/a,n/a,0.0,0,29.9,4.2,1,n/a,04/04/2023,738614,11:36:30,5.21km,00:23:26,04:30/km,51.457158364355564,-0.2144930697977543
191,8824910376,2.0,Afternoon run,7004.7,1897,1903,34.6,Run,14,8,3.692,7.494,n/a,n/a,n/a,n/a,n/a,n/a,0,n/a,n/a,0.0,0,27.7,4.1,7,n/a,03/04/2023,738613,14:33:22,7.00km,00:31:37,04:31/km,51.4571169577539,-0.21447613835334778
192,8818167177,2.0,Morning ride,29857.5,4376,5786,288.8,Ride,7,6,6.823,12.364,n/a,116.7,n/a,n/a,510.8,0,0,n/a,n/a,0.0,0,74.7,10.1,1,n/a,02/04/2023,738612,10:03:29,29.86km,01:12:56,24.6km/h,51.01473796181381,-0.3780845180153847
193,8813172795,2.0,Afternoon run,6646.5,1917,1954,7.5,Run,1,5,3.467,5.186,n/a,n/a,n/a,n/a,n/a,n/a,0,n/a,n/a,0.0,0,27.3,3.8,0,n/a,01/04/2023,738611,13:46:09,6.65km,00:31:57,04:48/km,51.45706926472485,-0.21464436315000057
194,8799174389,2.0,Evening run,5039.2,1360,1475,29.2,Run,10,1,3.705,6.78,n/a,n/a,n/a,n/a,n/a,n/a,0,n/a,n/a,0.0,0,27.7,4.2,3,n/a,29/03/2023,738608,18:32:06,5.04km,00:22:40,04:30/km,51.45692174322903,-0.21492415107786655
195,8735681050,2.0,Afternoon jog,5003.6,1961,2034,26.3,Run,0,3,2.552,5.335,n/a,n/a,n/a,n/a,n/a,n/a,0,n/a,n/a,0.0,0,27.7,4.2,0,n/a,18/03/2023,738597,14:49:00,5.00km,00:32:41,06:32/km,51.456960970535874,-0.21465458907186985
196,8720298420,2.0,Evening run,5120.4,1366,1492,26.4,Run,4,2,3.748,5.444,n/a,n/a,n/a,n/a,n/a,n/a,0,n/a,n/a,0.0,0,27.7,4.2,0,n/a,15/03/2023,738594,17:28:22,5.12km,00:22:46,04:27/km,51.456909757107496,-0.21500268951058388
197,8714437797,2.0,Evening run,4851.7,1333,1690,28.4,Run,5,1,3.64,6.38,n/a,n/a,n/a,n/a,n/a,n/a,0,n/a,n/a,0.0,0,27.7,3.8,0,n/a,14/03/2023,738593,18:34:00,4.85km,00:22:13,04:35/km,51.457024589180946,-0.21468451246619225
198,8658001359,2.0,Lunch run,5281.4,1349,1387,27.8,Run,12,6,3.915,7.66,n/a,n/a,n/a,n/a,n/a,n/a,0,n/a,n/a,0.0,0,27.7,4.5,1,n/a,04/03/2023,738583,12:53:00,5.28km,00:22:29,04:15/km,51.45699449814856,-0.21456909365952015
199,8626311855,2.0,Afternoon jog,5002.3,1998,2106,11.9,Run,5,2,2.504,6.842,n/a,n/a,n/a,n/a,n/a,n/a,0,n/a,n/a,0.0,0,27.2,4.1,0,n/a,26/02/2023,738577,14:45:43,5.00km,00:33:18,06:39/km,51.45695644430816,-0.21491811610758305
200,8586724047,2.0,Lunch run,4056.5,1049,1049,26.8,Run,10,1,3.867,8.052,n/a,n/a,n/a,n/a,n/a,n/a,0,n/a,n/a,0.0,0,27.7,5.1,3,n/a,19/02/2023,738570,11:55:30,4.06km,00:17:29,04:19/km,51.45685091614723,-0.21505415439605713
201,8487279263,2.0,Afternoon run,5367.1,1439,1439,38.5,Run,1,1,3.73,6.394,n/a,n/a,n/a,n/a,n/a,n/a,0,n/a,n/a,0.0,0,50.8,15.2,0,n/a,01/02/2023,738552,13:09:06,5.37km,00:23:59,04:28/km,51.45717521198094,-0.2146467100828886
202,8481552685,2.0,Lunch run,5430.9,1384,1391,38.4,Run,15,1,3.924,10.236,n/a,n/a,n/a,n/a,n/a,n/a,0,n/a,n/a,0.0,0,29.8,4.2,11,n/a,31/01/2023,738551,12:18:03,5.43km,00:23:04,04:15/km,51.45722223445773,-0.21457227878272533
203,8476163651,2.0,Afternoon run,5840.3,1535,1535,19.2,Run,7,2,3.805,7.448,n/a,n/a,n/a,n/a,n/a,n/a,0,n/a,n/a,0.0,0,26.6,4.1,4,n/a,30/01/2023,738550,12:22:12,5.84km,00:25:35,04:23/km,51.457032803446054,-0.21445199847221375
204,8460911668,2.0,Evening run,5004.3,1194,1194,27.4,Run,13,6,4.191,8.972,n/a,n/a,n/a,n/a,n/a,n/a,0,n/a,n/a,0.0,0,26.9,4.1,4,n/a,27/01/2023,738547,16:31:55,5.00km,00:19:54,03:59/km,51.45709910430014,-0.21458309143781662
205,8443848240,2.0,Lunch Ride,27125.3,3525,3844,201.0,Ride,14,7,7.695,13.588,n/a,138.8,n/a,n/a,489.4,0,0,n/a,n/a,0.0,0,70.0,17.8,4,n/a,24/01/2023,738544,12:09:57,27.13km,00:58:45,27.7km/h,51.01470334455371,-0.37790413945913315
206,8433245435,2.0,Lunch Ride,9799.2,1357,1611,55.0,Ride,6,1,7.221,11.168,n/a,139.3,n/a,n/a,189.0,0,0,n/a,n/a,0.0,0,34.8,9.2,3,n/a,22/01/2023,738542,12:22:30,9.80km,00:22:37,26.0km/h,51.45739808678627,-0.21395151503384113
207,8427475573,2.0,Morning Ride,51720.5,6929,10077,349.0,Ride,114,8,7.464,13.262,n/a,129.7,n/a,n/a,899.0,0,0,n/a,n/a,0.0,0,92.0,16.8,63,n/a,21/01/2023,738541,09:59:29,51.72km,01:55:29,26.9km/h,51.46181149408221,-0.2210487239062786
208,8423170783,2.0,Afternoon run,5003.0,1217,1220,29.8,Run,0,5,4.111,7.11,n/a,n/a,n/a,n/a,n/a,n/a,0,n/a,n/a,0.0,0,27.7,4.7,0,n/a,20/01/2023,738540,16:20:08,5.00km,00:20:17,04:03/km,51.45704386755824,-0.21470504812896252
209,8417234383,2.0,Lunch Ride,31377.0,4169,4488,233.0,Ride,39,7,7.526,14.824,n/a,141.1,n/a,n/a,588.4,0,0,n/a,n/a,0.0,0,63.8,13.4,20,n/a,19/01/2023,738539,12:13:58,31.38km,01:09:29,27.1km/h,51.46204819902778,-0.2215420827269554
210,8380019514,2.0,Afternoon run,7034.6,1917,1927,33.8,Run,4,3,3.67,7.883,n/a,n/a,n/a,n/a,n/a,n/a,0,n/a,n/a,0.0,0,27.7,4.2,0,n/a,12/01/2023,738532,13:47:47,7.03km,00:31:57,04:32/km,51.45690305158496,-0.21491551771759987
211,8369082658,2.0,Afternoon run,5359.5,1426,1426,11.0,Run,5,5,3.758,7.026,n/a,n/a,n/a,n/a,n/a,n/a,0,n/a,n/a,0.0,0,12.3,3.6,2,n/a,10/01/2023,738530,14:13:20,5.36km,00:23:46,04:26/km,51.46178701892495,-0.22123798727989197
212,8363583782,2.0,Afternoon run,5059.2,1329,1353,28.4,Run,3,6,3.807,6.496,n/a,n/a,n/a,n/a,n/a,n/a,0,n/a,n/a,0.0,0,29.8,4.6,0,n/a,09/01/2023,738529,13:50:19,5.06km,00:22:09,04:23/km,51.45703121088445,-0.21469649858772755
213,8347291557,2.0,Lunch Ride,32525.3,4234,6545,234.0,Ride,38,8,7.682,13.65,n/a,134.6,n/a,n/a,569.7,0,0,n/a,n/a,0.0,0,75.6,20.4,20,n/a,06/01/2023,738526,11:59:06,32.53km,01:10:34,27.7km/h,51.014652382582426,-0.37800153717398643
214,8342591684,2.0,Afternoon Ride,35392.9,5048,7450,312.0,Ride,16,6,7.011,14.238,n/a,124.1,n/a,n/a,626.4,0,0,n/a,n/a,0.0,0,74.2,10.8,2,n/a,05/01/2023,738525,13:40:53,35.39km,01:24:08,25.2km/h,51.01472404785454,-0.37798703648149967
215,8331455630,2.0,Afternoon run,7003.1,1880,1886,52.3,Run,4,5,3.725,6.284,n/a,n/a,n/a,n/a,n/a,n/a,0,n/a,n/a,0.0,0,54.7,26.9,2,n/a,03/01/2023,738523,14:06:56,7.00km,00:31:20,04:28/km,51.01469110697508,-0.37794881500303745
216,8293624729,2.0,Boxing Day blast,47842.1,5372,8296,405.0,Ride,47,8,8.906,18.584,n/a,195.0,n/a,n/a,1047.3,0,0,n/a,n/a,0.0,0,90.6,27.8,36,n/a,26/12/2022,738515,12:34:09,47.84km,01:29:32,32.1km/h,51.01460577920079,-0.37791604176163673
217,8286081046,2.0,Christmas Eve ride,36087.2,4902,5847,428.5,Ride,11,9,7.362,20.098,n/a,156.1,n/a,n/a,765.0,0,0,n/a,n/a,0.0,0,115.2,12.7,9,n/a,24/12/2022,738513,11:14:51,36.09km,01:21:42,26.5km/h,51.01461491547525,-0.3778122738003731
218,8270308815,2.0,Ride until puncture,21241.6,2754,2998,240.9,Ride,13,7,7.713,18.786,n/a,169.8,n/a,n/a,467.7,0,0,n/a,n/a,0.0,0,120.1,26.3,6,n/a,20/12/2022,738509,12:04:29,21.24km,00:45:54,27.8km/h,51.01474625989795,-0.3780912235379219
219,8219095746,2.0,Afternoon ride,52105.4,7336,8247,602.7,Ride,20,7,7.103,17.718,n/a,136.7,n/a,n/a,1002.7,0,0,n/a,n/a,0.0,0,101.0,5.3,3,n/a,07/12/2022,738496,10:39:54,52.11km,02:02:16,25.6km/h,51.01466436870396,-0.3777997847646475
220,8189178404,2.0,Afternoon Ride,18743.6,2465,2573,140.8,Ride,196,6,7.604,14.264,n/a,146.0,n/a,n/a,359.8,0,0,n/a,n/a,0.0,0,56.5,7.7,87,n/a,30/11/2022,738489,13:13:32,18.74km,00:41:05,27.4km/h,51.461853571236134,-0.221175542101264
221,8067915006,2.0,Afternoon ride,29508.8,4090,4559,245.5,Ride,354,7,7.215,15.79,n/a,131.5,n/a,n/a,537.7,0,0,n/a,n/a,0.0,0,56.5,7.7,9,n/a,04/11/2022,738463,15:20:14,29.51km,01:08:10,26.0km/h,51.46193051710725,-0.22111812606453896
222,8011791307,2.0,Lunch run,3124.8,812,812,34.6,Run,2,2,3.848,6.47,n/a,n/a,n/a,n/a,n/a,n/a,0,n/a,n/a,0.0,0,36.8,22.0,2,n/a,24/10/2022,738452,13:28:36,3.12km,00:13:32,04:20/km,51.45711679011583,-0.2148421760648489
223,7977073961,2.0,Afternoon run,5006.2,1210,1210,31.2,Run,8,6,4.137,12.435,n/a,n/a,n/a,n/a,n/a,n/a,0,n/a,n/a,0.0,0,27.7,4.0,7,n/a,17/10/2022,738445,14:16:40,5.01km,00:20:10,04:02/km,51.457040598616004,-0.21439416334033012
224,7931628359,2.0,Afternoon ride,46628.8,6043,7155,287.6,Ride,29,7,7.716,14.174,n/a,148.3,n/a,n/a,896.4,0,0,n/a,n/a,0.0,0,71.1,6.1,0,n/a,08/10/2022,738436,14:09:11,46.63km,01:40:43,27.8km/h,51.461989944800735,-0.22100413218140602
225,7926084584,2.0,Afternoon run,3816.5,992,1247,24.8,Run,2,1,3.847,5.09,n/a,n/a,n/a,n/a,n/a,n/a,0,n/a,n/a,0.0,0,33.6,9.5,0,n/a,07/10/2022,738435,16:30:02,3.82km,00:16:32,04:20/km,51.45720052532852,-0.21463874727487564
226,7833063051,2.0,Afternoon run,3662.4,963,963,33.8,Run,0,2,3.803,5.962,n/a,n/a,n/a,n/a,n/a,n/a,0,n/a,n/a,0.0,0,43.4,21.9,0,n/a,19/09/2022,738417,14:20:45,3.66km,00:16:03,04:23/km,51.457030372694135,-0.21473664790391922
227,7826842614,2.0,Morning ride,38448.1,5201,5734,319.9,Ride,37,6,7.392,15.96,n/a,134.0,n/a,n/a,696.9,0,0,n/a,n/a,0.0,0,61.0,4.4,5,n/a,18/09/2022,738416,09:10:55,38.45km,01:26:41,26.6km/h,51.01462178863585,-0.37798301316797733
228,7797465847,2.0,Evening ride,29389.8,3798,4167,246.7,Ride,768,7,7.738,18.678,n/a,151.6,n/a,n/a,575.6,0,0,n/a,n/a,0.0,0,56.5,7.7,454,n/a,12/09/2022,738410,18:03:02,29.39km,01:03:18,27.9km/h,51.46189095452428,-0.221283920109272
229,7731690008,2.0,Afternoon run,6279.1,1741,1751,21.2,Run,0,3,3.607,7.244,n/a,n/a,n/a,n/a,n/a,n/a,0,n/a,n/a,0.0,0,27.0,3.7,0,n/a,31/08/2022,738398,16:18:26,6.28km,00:29:01,04:37/km,51.45705694332719,-0.2146347239613533
230,7682402729,2.0,Evening ride,28465.9,3568,3650,231.2,Ride,657,6,7.978,17.644,n/a,154.0,n/a,n/a,549.4,0,0,n/a,n/a,0.0,0,56.5,7.7,330,n/a,22/08/2022,738389,18:56:24,28.47km,00:59:28,28.7km/h,51.46183739416301,-0.22116271778941154
231,7581915893,2.0,Afternoon run,5000.9,1254,1257,6.9,Run,10,3,3.988,5.886,n/a,n/a,n/a,n/a,n/a,n/a,0,n/a,n/a,0.0,0,12.3,3.6,8,n/a,04/08/2022,738371,15:50:40,5.00km,00:20:54,04:11/km,51.461965050548315,-0.22108451463282108
232,7558706497,2.0,Afternoon ride,38144.1,5224,5693,288.6,Ride,33,5,7.302,21.089,n/a,132.7,n/a,n/a,693.1,0,0,n/a,n/a,0.0,0,54.7,4.7,5,n/a,31/07/2022,738367,11:16:53,38.14km,01:27:04,26.3km/h,51.01466830819845,-0.37799835205078125
233,7536192092,2.0,Morning run,5136.2,1437,1458,8.6,Run,8,5,3.574,4.702,n/a,n/a,n/a,n/a,n/a,n/a,0,n/a,n/a,0.0,0,12.3,3.6,0,n/a,27/07/2022,738363,11:00:11,5.14km,00:23:57,04:40/km,51.461971420794725,-0.22160310298204422
234,7530237607,2.0,Morning run,5223.4,1359,1359,8.6,Run,11,6,3.844,5.84,n/a,n/a,n/a,n/a,n/a,n/a,0,n/a,n/a,0.0,0,12.3,3.6,4,n/a,26/07/2022,738362,10:18:04,5.22km,00:22:39,04:20/km,51.46176799200475,-0.2211504802107811
235,7523038049,2.0,Evening run,5218.1,1386,1405,8.6,Run,9,7,3.765,6.304,n/a,n/a,n/a,n/a,n/a,n/a,0,n/a,n/a,0.0,0,12.3,3.6,6,n/a,24/07/2022,738360,20:29:31,5.22km,00:23:06,04:26/km,51.46199556067586,-0.22125986404716969
236,7515825650,2.0,Back on the bike,60478.6,9694,11123,526.7,Ride,19,11,6.239,14.82,n/a,110.2,n/a,n/a,1068.4,0,0,n/a,n/a,0.0,0,196.1,5.3,14,n/a,23/07/2022,738359,12:18:36,60.48km,02:41:34,22.5km/h,51.45989438518882,-0.15672356821596622
237,7503328861,2.0,Morning run,5752.4,1613,1623,11.4,Run,0,6,3.566,4.996,n/a,n/a,n/a,n/a,n/a,n/a,0,n/a,n/a,0.0,0,12.4,3.7,0,n/a,21/07/2022,738357,08:05:52,5.75km,00:26:53,04:40/km,51.46169942803681,-0.22122818045318127
238,7487564658,2.0,Morning run,6065.8,1689,1689,55.3,Run,0,8,3.591,7.235,n/a,n/a,n/a,n/a,n/a,n/a,0,n/a,n/a,0.0,0,53.7,11.4,0,n/a,18/07/2022,738354,08:08:04,6.07km,00:28:09,04:38/km,51.46190579049289,-0.2211597841233015
239,7340528577,2.0,Afternoon run,4002.8,1024,1024,10.3,Run,6,3,3.909,7.316,n/a,n/a,n/a,n/a,n/a,n/a,0,n/a,n/a,0.0,0,25.8,15.5,0,n/a,20/06/2022,738326,18:39:38,4.00km,00:17:04,04:16/km,51.46453343331814,-0.13446475379168987
240,7302740910,2.0,Afternoon run,5152.9,1335,1350,9.7,Run,0,4,3.86,5.19,n/a,n/a,n/a,n/a,n/a,n/a,0,n/a,n/a,0.0,0,29.4,19.4,0,n/a,13/06/2022,738319,17:33:27,5.15km,00:22:15,04:19/km,51.464452212676406,-0.1347387582063675
241,7261465272,2.0,Night run,2003.6,518,518,3.7,Run,0,3,3.868,5.112,n/a,n/a,n/a,n/a,n/a,n/a,0,n/a,n/a,0.0,0,21.3,15.5,0,n/a,05/06/2022,738311,21:45:36,2.00km,00:08:38,04:19/km,51.46449722349644,-0.13473356142640114
242,7252939555,2.0,Lunch ride,23713.7,3676,3861,308.3,Ride,15,9,6.451,14.052,n/a,134.9,n/a,n/a,495.8,0,0,n/a,n/a,0.0,0,119.6,36.4,7,n/a,04/06/2022,738310,11:57:39,23.71km,01:01:16,23.2km/h,51.014692867174745,-0.3779889643192291
243,7223801169,2.0,Evening run,5168.2,1340,1350,9.7,Run,4,10,3.857,5.626,n/a,n/a,n/a,n/a,n/a,n/a,0,n/a,n/a,0.0,0,29.5,19.5,0,n/a,29/05/2022,738304,20:44:14,5.17km,00:22:20,04:19/km,51.46438985131681,-0.13477127999067307
244,7069709560,2.0,Lunch ride,44007.4,5565,5590,397.0,Ride,29,9,7.908,16.534,n/a,152.2,n/a,n/a,846.7,0,0,n/a,n/a,0.0,0,76.2,8.0,17,n/a,01/05/2022,738276,10:46:17,44.01km,01:32:45,28.5km/h,51.01471893489361,-0.37808770313858986
245,7048812090,2.0,Return to the Horsebridge,41564.4,5749,6880,501.6,Ride,41,10,7.23,15.672,n/a,149.1,n/a,n/a,857.2,0,0,n/a,n/a,0.0,0,133.3,5.4,4,n/a,27/04/2022,738272,10:44:12,41.56km,01:35:49,26.0km/h,51.01468230597675,-0.37827813997864723
246,7038188200,2.0,Lunch ride,45200.9,5784,6233,418.6,Ride,19,11,7.815,22.186,n/a,157.7,n/a,n/a,912.2,0,0,n/a,n/a,0.0,0,66.2,5.3,6,n/a,25/04/2022,738270,10:50:44,45.20km,01:36:24,28.1km/h,51.014658752828836,-0.3780121821910143
247,7006668873,2.0,Lunchtime ride,43461.6,6159,6698,430.4,Ride,22,5,7.057,15.15,n/a,128.5,n/a,n/a,791.4,0,0,n/a,n/a,0.0,0,90.3,14.3,3,n/a,19/04/2022,738264,11:16:11,43.46km,01:42:39,25.4km/h,51.014680713415146,-0.37792492657899857
248,6985755940,2.0,Afternoon Run,5013.3,1341,1341,13.9,Run,0,5,3.738,6.596,n/a,n/a,n/a,n/a,n/a,n/a,0,n/a,n/a,0.0,0,29.5,15.5,0,n/a,15/04/2022,738260,14:40:28,5.01km,00:22:21,04:28/km,51.4643594250083,-0.13482727110385895
249,6971611774,2.0,Evening run,5212.9,1160,1202,9.7,Run,15,2,4.494,6.092,n/a,n/a,n/a,n/a,n/a,n/a,0,n/a,n/a,0.0,0,29.4,19.7,6,n/a,12/04/2022,738257,19:08:18,5.21km,00:19:20,03:43/km,51.46455564536154,-0.13499063439667225
250,6965758612,2.0,Evening run,5360.0,1206,1218,9.8,Run,22,8,4.444,7.692,n/a,n/a,n/a,n/a,n/a,n/a,0,n/a,n/a,0.0,0,29.5,19.5,15,n/a,11/04/2022,738256,17:49:17,5.36km,00:20:06,03:45/km,51.46455547772348,-0.13499281369149685
251,6949819004,2.0,Afternoon run,5150.4,1268,1275,13.9,Run,6,5,4.062,5.666,n/a,n/a,n/a,n/a,n/a,n/a,0,n/a,n/a,0.0,0,29.5,15.5,0,n/a,08/04/2022,738253,15:41:35,5.15km,00:21:08,04:06/km,51.46455321460962,-0.13500102795660496
252,6940599962,2.0,Afternoon run,5180.7,1322,1330,10.2,Run,6,4,3.919,5.546,n/a,n/a,n/a,n/a,n/a,n/a,0,n/a,n/a,0.0,0,29.9,19.5,3,n/a,06/04/2022,738251,16:22:14,5.18km,00:22:02,04:15/km,51.464458499103785,-0.13479944318532944
253,6926426617,2.0,Afternoon ride,35222.5,4676,4960,344.6,Ride,22,8,7.533,15.15,n/a,145.1,n/a,n/a,678.5,0,0,n/a,n/a,0.0,0,91.2,9.1,4,n/a,03/04/2022,738248,14:33:36,35.22km,01:17:56,27.1km/h,51.01471466012299,-0.3778223320841789
254,6919980631,2.0,Morning cycle,37401.4,5678,6688,190.0,Ride,0,9,6.587,17.202,n/a,102.4,n/a,n/a,581.4,0,0,n/a,n/a,0.0,0,56.5,6.1,0,n/a,02/04/2022,738247,11:15:44,37.40km,01:34:38,23.7km/h,51.46090926602483,-0.21689767017960548
255,6916493924,2.0,Evening run,5001.7,1252,1252,9.7,Run,7,4,3.995,5.882,n/a,n/a,n/a,n/a,n/a,n/a,0,n/a,n/a,0.0,0,29.5,19.5,0,n/a,01/04/2022,738246,18:10:24,5.00km,00:20:52,04:10/km,51.464435113593936,-0.13474781066179276
256,6884731146,2.0,Morning run,4303.2,1162,1168,7.5,Run,1,6,3.703,5.664,n/a,n/a,n/a,n/a,n/a,n/a,0,n/a,n/a,0.0,0,27.3,19.5,0,n/a,26/03/2022,738240,11:51:14,4.30km,00:19:22,04:30/km,51.464561680331826,-0.13496892526745796
257,6877165426,2.0,Evening run,5007.2,1236,1236,9.8,Run,4,5,4.051,5.494,n/a,n/a,n/a,n/a,n/a,n/a,0,n/a,n/a,0.0,0,29.5,19.5,0,n/a,24/03/2022,738238,20:17:17,5.01km,00:20:36,04:07/km,51.4643919467926,-0.13477278873324394
258,6855436157,2.0,Chipping away,5005.9,1169,1169,13.8,Run,14,6,4.282,6.44,n/a,n/a,n/a,n/a,n/a,n/a,0,n/a,n/a,0.0,0,29.5,15.5,5,n/a,20/03/2022,738234,17:13:58,5.01km,00:19:29,03:54/km,51.46439437754452,-0.13475200161337852
259,6849476149,2.0,Afternoon run,5192.9,1303,1303,9.7,Run,7,7,3.985,6.54,n/a,n/a,n/a,n/a,n/a,n/a,0,n/a,n/a,0.0,0,29.5,19.5,3,n/a,19/03/2022,738233,16:50:48,5.19km,00:21:43,04:11/km,51.46442991681397,-0.1348455436527729
260,6838532331,2.0,Afternoon run,5094.8,1329,1338,10.1,Run,3,6,3.834,5.03,n/a,n/a,n/a,n/a,n/a,n/a,0,n/a,n/a,0.0,0,29.9,19.5,0,n/a,17/03/2022,738231,15:12:18,5.09km,00:22:09,04:21/km,51.46443620324135,-0.1347611378878355
261,6828380254,2.0,Afternoon Run,5151.0,1539,1539,9.8,Run,0,3,3.347,6.128,n/a,n/a,n/a,n/a,n/a,n/a,0,n/a,n/a,0.0,0,29.5,19.5,0,n/a,15/03/2022,738229,15:58:35,5.15km,00:25:39,04:59/km,51.464517172425985,-0.134884687140584
262,6818280504,2.0,Afternoon run,5177.6,1374,1382,9.8,Run,0,5,3.768,5.672,n/a,n/a,n/a,n/a,n/a,n/a,0,n/a,n/a,0.0,0,29.5,19.4,0,n/a,13/03/2022,738227,14:34:16,5.18km,00:22:54,04:25/km,51.46443720906973,-0.13468402437865734
263,6803632884,2.0,5K PB üèÜ ,5007.2,1189,1189,12.6,Run,20,8,4.211,5.596,n/a,n/a,n/a,n/a,n/a,n/a,0,n/a,n/a,0.0,0,29.9,15.5,12,n/a,10/03/2022,738224,17:50:29,5.01km,00:19:49,03:57/km,51.464370070025325,-0.13476474210619926
264,6787061212,2.0,Lunch run,5094.0,1352,1352,13.9,Run,0,6,3.768,6.634,n/a,n/a,n/a,n/a,n/a,n/a,0,n/a,n/a,0.0,0,29.5,15.5,0,n/a,07/03/2022,738221,13:30:26,5.09km,00:22:32,04:25/km,51.464299662038684,-0.13470154255628586
265,6772332847,2.0,Life in the old dog yet,5004.5,1205,1205,10.2,Run,16,6,4.153,6.522,n/a,n/a,n/a,n/a,n/a,n/a,0,n/a,n/a,0.0,0,29.9,17.6,8,n/a,04/03/2022,738218,16:59:20,5.00km,00:20:05,04:01/km,51.46425800397992,-0.13467463664710522
266,6763853062,2.0,Evening run,5061.3,1362,1362,14.4,Run,1,3,3.716,5.206,n/a,n/a,n/a,n/a,n/a,n/a,0,n/a,n/a,0.0,0,29.9,15.5,1,n/a,02/03/2022,738216,17:24:43,5.06km,00:22:42,04:29/km,51.4644025079906,-0.13473448343575
267,6752836197,2.0,Evening run,4414.9,1241,1241,10.2,Run,0,4,3.558,4.834,n/a,n/a,n/a,n/a,n/a,n/a,0,n/a,n/a,0.0,0,29.9,19.5,0,n/a,28/02/2022,738214,19:04:11,4.41km,00:20:41,04:41/km,51.46442488767207,-0.13490094803273678
268,6693995991,2.0,Tulum cruising,12029.0,5685,12963,21.6,Ride,0,1,2.116,6.31,n/a,70.9,n/a,n/a,402.9,0,0,n/a,n/a,0.0,0,14.4,3.9,0,n/a,16/02/2022,738202,13:26:54,12.03km,01:34:45,7.6km/h,20.21013043820858,-87.4665706884116
269,6636260861,2.0,Evening run,5004.3,1410,1429,13.8,Run,0,6,3.549,5.274,n/a,n/a,n/a,n/a,n/a,n/a,0,n/a,n/a,0.0,0,29.5,15.6,0,n/a,05/02/2022,738191,16:56:21,5.00km,00:23:30,04:42/km,51.46458590403199,-0.13498719781637192
270,6615551590,2.0,Afternoon run,5003.8,1389,1416,13.8,Run,0,2,3.602,7.114,n/a,n/a,n/a,n/a,n/a,n/a,0,n/a,n/a,0.0,0,29.5,15.6,0,n/a,01/02/2022,738187,16:36:36,5.00km,00:23:09,04:38/km,51.46455070003867,-0.13497906737029552
271,6598801180,2.0,Morning run,6015.1,1639,1648,13.8,Run,9,3,3.67,6.542,n/a,n/a,n/a,n/a,n/a,n/a,0,n/a,n/a,0.0,0,29.5,15.6,4,n/a,29/01/2022,738184,11:47:26,6.02km,00:27:19,04:32/km,51.46444709971547,-0.1347463857382536
272,6585896514,2.0,Evening run,5002.4,1485,1494,13.8,Run,0,4,3.369,6.212,n/a,n/a,n/a,n/a,n/a,n/a,0,n/a,n/a,0.0,0,29.5,15.6,0,n/a,26/01/2022,738181,18:03:15,5.00km,00:24:45,04:57/km,51.46459151990712,-0.1349685899913311
273,6537381604,2.0,Morning run,3502.4,981,984,19.2,Run,11,4,3.57,14.356,n/a,n/a,n/a,n/a,n/a,n/a,0,n/a,n/a,0.0,0,22.5,3.2,1,n/a,17/01/2022,738172,11:49:01,3.50km,00:16:21,04:40/km,51.469991728663445,-0.17368501983582973
274,6460635520,2.0,Morning Ride,43847.6,6149,10327,314.0,Ride,0,5,7.131,15.019,n/a,120.3,n/a,n/a,739.5,0,0,n/a,n/a,0.0,0,84.0,8.8,0,n/a,02/01/2022,738157,09:22:56,43.85km,01:42:29,25.7km/h,51.01470032706857,-0.3779633156955242
275,6402826089,2.0,Morning ride,34136.9,4801,5901,370.9,Ride,12,7,7.11,18.578,n/a,141.0,n/a,n/a,677.0,0,0,n/a,n/a,0.0,0,101.2,8.0,0,n/a,19/12/2021,738143,10:40:12,34.14km,01:20:01,25.6km/h,51.01477718912065,-0.37941187620162964
276,6317611774,2.0,Afternoon run,5010.6,1381,1421,10.0,Run,2,5,3.628,5.962,n/a,n/a,n/a,n/a,n/a,n/a,0,n/a,n/a,0.0,0,29.5,18.7,2,n/a,28/11/2021,738122,13:20:53,5.01km,00:23:01,04:36/km,51.4643541444093,-0.1348684262484312
277,6289177703,2.0,Evening run,3579.1,998,1050,18.5,Run,5,5,3.586,10.602,n/a,n/a,n/a,n/a,n/a,n/a,0,n/a,n/a,0.0,0,21.7,3.2,0,n/a,21/11/2021,738115,16:20:39,3.58km,00:16:38,04:39/km,51.47042624652386,-0.17363942228257656
278,6201833031,2.0,Afternoon run,3032.2,885,892,6.3,Run,0,5,3.426,5.672,n/a,n/a,n/a,n/a,n/a,n/a,0,n/a,n/a,0.0,0,22.3,15.6,0,n/a,02/11/2021,738096,15:18:16,3.03km,00:14:45,04:52/km,51.464477526023984,-0.13480916619300842
279,6188439224,2.0,Afternoon run,4144.1,1259,1344,10.1,Run,4,5,3.292,6.21,n/a,n/a,n/a,n/a,n/a,n/a,0,n/a,n/a,0.0,0,29.5,19.4,1,n/a,30/10/2021,738093,17:44:31,4.14km,00:20:59,05:04/km,51.46444005891681,-0.134755689650774
280,6150698785,2.0,Afternoon jog,3028.7,1038,1066,2.6,Run,4,2,2.918,5.214,n/a,n/a,n/a,n/a,n/a,n/a,0,n/a,n/a,0.0,0,22.3,19.3,0,n/a,22/10/2021,738085,12:21:53,3.03km,00:17:18,05:43/km,51.464446764439344,-0.13470950536429882
281,6087347435,2.0,It band gone again,3747.7,1438,1451,6.2,Run,4,3,2.606,4.4,n/a,n/a,n/a,n/a,n/a,n/a,0,n/a,n/a,0.0,0,25.9,19.4,0,n/a,09/10/2021,738072,14:59:26,3.75km,00:23:58,06:24/km,51.464368,-0.134767
282,6011008354,2.0,Lunchtime run,5508.0,1559,1656,13.8,Run,3,3,3.533,25.1,n/a,n/a,n/a,n/a,n/a,n/a,0,n/a,n/a,0.0,0,29.5,15.6,3,n/a,24/09/2021,738057,12:21:46,5.51km,00:25:59,04:43/km,51.46441,-0.134727
283,5985583566,2.0,Very wet afternoon run,5636.5,1538,3764,13.8,Run,2,6,3.665,6.0,n/a,n/a,n/a,n/a,n/a,n/a,0,n/a,n/a,0.0,0,29.5,15.6,1,n/a,19/09/2021,738052,13:08:22,5.64km,00:25:38,04:33/km,51.464348,-0.135025
284,5981427393,2.0,Evening run,5059.5,1432,1449,9.9,Run,0,4,3.533,5.4,n/a,n/a,n/a,n/a,n/a,n/a,0,n/a,n/a,0.0,0,29.5,19.2,0,n/a,18/09/2021,738051,18:27:27,5.06km,00:23:52,04:43/km,51.464458,-0.134729
285,5949370826,2.0,Afternoon run,5114.6,1621,1635,13.8,Run,0,4,3.155,6.7,n/a,n/a,n/a,n/a,n/a,n/a,0,n/a,n/a,0.0,0,29.5,15.6,0,n/a,12/09/2021,738045,16:14:17,5.11km,00:27:01,05:17/km,51.464458,-0.134708
286,5924954995,2.0,Morning run,4303.2,1216,1229,9.8,Run,0,6,3.539,5.1,n/a,n/a,n/a,n/a,n/a,n/a,0,n/a,n/a,0.0,0,29.5,19.4,0,n/a,08/09/2021,738041,07:39:55,4.30km,00:20:16,04:43/km,51.464338,-0.134705
287,5893714155,2.0,Short jog,2501.5,648,648,6.4,Run,2,2,3.86,5.3,n/a,n/a,n/a,n/a,n/a,n/a,0,n/a,n/a,0.0,0,21.7,15.6,2,n/a,02/09/2021,738035,16:17:02,2.50km,00:10:48,04:19/km,51.464479,-0.134658
288,5888636278,2.0,5k PB üèÜ ,5621.1,1395,1398,13.8,Run,20,8,4.029,6.0,n/a,n/a,n/a,n/a,n/a,n/a,0,n/a,n/a,0.0,0,29.5,15.6,16,n/a,01/09/2021,738034,17:06:58,5.62km,00:23:15,04:08/km,51.4644,-0.134822
289,5871848621,2.0,Lunchtime run,6007.8,1777,1890,15.5,Run,3,5,3.381,5.1,n/a,n/a,n/a,n/a,n/a,n/a,0,n/a,n/a,0.0,0,31.2,15.6,1,n/a,29/08/2021,738031,13:09:01,6.01km,00:29:37,04:56/km,51.464328,-0.134784
290,5865913478,2.0,Morning run,5412.5,1610,1624,6.7,Run,3,5,3.362,6.1,n/a,n/a,n/a,n/a,n/a,n/a,0,n/a,n/a,0.0,0,19.8,1.6,1,n/a,28/08/2021,738030,12:11:42,5.41km,00:26:50,04:57/km,51.464295,-0.135227
291,5856642304,2.0,Afternoon run,4244.4,1139,1187,6.2,Run,7,5,3.726,5.1,n/a,n/a,n/a,n/a,n/a,n/a,0,n/a,n/a,0.0,0,25.8,19.5,3,n/a,26/08/2021,738028,15:20:52,4.24km,00:18:59,04:28/km,51.464433,-0.134978
292,5851562397,2.0,Afternoon run,7003.9,1974,2003,26.1,Run,8,5,3.548,7.6,n/a,n/a,n/a,n/a,n/a,n/a,0,n/a,n/a,0.0,0,21.7,1.6,8,n/a,25/08/2021,738027,16:31:41,7.00km,00:32:54,04:42/km,51.464363,-0.134843
293,5845872049,2.0,Afternoon run,5634.4,1594,1594,13.8,Run,0,4,3.535,5.3,n/a,n/a,n/a,n/a,n/a,n/a,0,n/a,n/a,0.0,0,29.5,15.6,0,n/a,24/08/2021,738026,16:55:57,5.63km,00:26:34,04:43/km,51.46442,-0.134686
294,5840862331,2.0,Evening run,5509.9,1521,1572,13.8,Run,0,6,3.623,5.8,n/a,n/a,n/a,n/a,n/a,n/a,0,n/a,n/a,0.0,0,29.5,15.6,0,n/a,23/08/2021,738025,18:29:12,5.51km,00:25:21,04:36/km,51.464432,-0.134746
295,5825080031,2.0,Evening zig zags,2500.5,830,850,25.5,Run,0,2,3.013,4.7,n/a,n/a,n/a,n/a,n/a,n/a,0,n/a,n/a,0.0,0,47.4,41.1,0,n/a,20/08/2021,738022,20:08:15,2.50km,00:13:50,05:32/km,51.014368,-0.380033
296,5824520938,2.0,Afternoon Ride,33161.1,4803,6519,292.6,Ride,0,6,6.904,14.1,n/a,112.8,n/a,n/a,541.8,0,0,n/a,n/a,0.0,0,64.2,10.2,0,n/a,20/08/2021,738022,16:18:48,33.16km,01:20:03,24.9km/h,51.01473,-0.378106
297,5808634015,2.0,Evening Run,5382.9,1828,2960,11.3,Run,0,3,2.945,11.2,n/a,n/a,n/a,n/a,n/a,n/a,0,n/a,n/a,0.0,0,6.5,1.0,0,n/a,17/08/2021,738019,18:21:37,5.38km,00:30:28,05:40/km,50.716331,-1.960677
298,5803854383,2.0,Coastal cruising,51033.0,11921,23414,399.7,Ride,0,8,4.281,13.3,n/a,76.4,n/a,n/a,910.4,0,0,n/a,n/a,0.0,0,122.6,0.9,0,n/a,16/08/2021,738018,13:26:14,51.03km,03:18:41,15.4km/h,50.716416,-1.960742
299,5790769403,2.0,Second jab ‚úÖ ,3050.7,888,4057,18.4,Run,1,2,3.435,5.2,n/a,n/a,n/a,n/a,n/a,n/a,0,n/a,n/a,0.0,0,21.7,7.3,0,n/a,14/08/2021,738016,12:01:47,3.05km,00:14:48,04:51/km,51.46436,-0.13472
300,5786868015,2.0,Afternoon run,5068.5,1364,1364,10.0,Run,7,4,3.716,5.2,n/a,n/a,n/a,n/a,n/a,n/a,0,n/a,n/a,0.0,0,29.5,19.0,5,n/a,13/08/2021,738015,17:25:58,5.07km,00:22:44,04:29/km,51.464383,-0.134892
301,5781145038,2.0,Afternoon run,4415.3,1287,1287,42.2,Run,0,4,3.431,5.6,n/a,n/a,n/a,n/a,n/a,n/a,0,n/a,n/a,0.0,0,50.9,21.6,0,n/a,12/08/2021,738014,15:39:21,4.42km,00:21:27,04:51/km,51.014537,-0.37913
302,5764572510,2.0,Afternoon jog,7607.1,2878,2891,65.9,Run,2,5,2.643,4.6,n/a,n/a,n/a,n/a,n/a,n/a,0,n/a,n/a,0.0,0,54.7,27.9,0,n/a,09/08/2021,738011,16:43:03,7.61km,00:47:58,06:18/km,51.014491,-0.378886
303,5752981344,2.0,Lunchtime ride ,34593.2,5884,7090,345.3,Ride,23,5,5.879,14.8,n/a,100.4,n/a,n/a,590.8,0,0,n/a,n/a,0.0,0,75.1,10.4,2,n/a,07/08/2021,738009,11:17:43,34.59km,01:38:04,21.2km/h,51.014509,-0.379231
304,5733858215,2.0,Evening run,5094.4,1337,1337,9.7,Run,8,4,3.81,5.7,n/a,n/a,n/a,n/a,n/a,n/a,0,n/a,n/a,0.0,0,29.4,19.4,4,n/a,03/08/2021,738005,19:57:33,5.09km,00:22:17,04:22/km,51.46438,-0.134767
305,5727085115,2.0,Afternoon run,6050.7,1710,1710,15.4,Run,7,6,3.538,6.0,n/a,n/a,n/a,n/a,n/a,n/a,0,n/a,n/a,0.0,0,31.1,15.6,1,n/a,02/08/2021,738004,16:50:36,6.05km,00:28:30,04:43/km,51.464442,-0.134839
306,5696010478,2.0,Afternoon run,5070.7,1407,1407,9.4,Run,3,3,3.604,5.7,n/a,n/a,n/a,n/a,n/a,n/a,0,n/a,n/a,0.0,0,29.5,19.2,1,n/a,27/07/2021,737998,16:56:00,5.07km,00:23:27,04:37/km,51.46427,-0.135071
307,5691484838,2.0,Evening run,6128.2,1687,1687,15.4,Run,10,6,3.633,5.8,n/a,n/a,n/a,n/a,n/a,n/a,0,n/a,n/a,0.0,0,31.1,15.6,8,n/a,26/07/2021,737997,19:33:30,6.13km,00:28:07,04:35/km,51.464397,-0.13487
308,5680380506,2.0,Evening jog,3697.4,1109,1109,7.6,Run,3,1,3.334,5.5,n/a,n/a,n/a,n/a,n/a,n/a,0,n/a,n/a,0.0,0,27.5,19.5,0,n/a,24/07/2021,737995,17:34:28,3.70km,00:18:29,04:60/km,51.464341,-0.13487
309,5670233367,2.0,Evening run,6000.5,1690,1693,15.5,Run,10,6,3.551,5.1,n/a,n/a,n/a,n/a,n/a,n/a,0,n/a,n/a,0.0,0,31.2,15.6,0,n/a,22/07/2021,737993,19:04:10,6.00km,00:28:10,04:42/km,51.464374,-0.134748
310,5641998835,2.0,Afternoon run,4637.1,1373,1373,43.4,Run,0,5,3.377,5.2,n/a,n/a,n/a,n/a,n/a,n/a,0,n/a,n/a,0.0,0,51.0,21.7,0,n/a,17/07/2021,737988,15:07:11,4.64km,00:22:53,04:56/km,51.014763,-0.379968
311,5632156579,2.0,Afternoon run,4417.2,1223,1223,43.5,Run,2,2,3.612,5.5,n/a,n/a,n/a,n/a,n/a,n/a,0,n/a,n/a,0.0,0,51.0,21.7,0,n/a,15/07/2021,737986,17:04:28,4.42km,00:20:23,04:37/km,51.014607,-0.378527
312,5554140254,2.0,Afternoon run,3032.3,902,902,8.1,Run,0,3,3.362,4.6,n/a,n/a,n/a,n/a,n/a,n/a,0,n/a,n/a,0.0,0,27.6,19.5,0,n/a,30/06/2021,737971,18:29:56,3.03km,00:15:02,04:57/km,51.464374,-0.134848
313,5494725333,2.0,Jogged and jabbed ‚úÖ ,11942.7,3478,5368,65.0,Run,1,10,3.434,6.3,n/a,n/a,n/a,n/a,n/a,n/a,0,n/a,n/a,0.0,0,32.9,9.0,0,n/a,19/06/2021,737960,11:19:49,11.94km,00:57:58,04:51/km,51.464414,-0.134783
314,5480104577,2.0,Afternoon run,5654.7,1623,1623,13.8,Run,0,4,3.484,5.2,n/a,n/a,n/a,n/a,n/a,n/a,0,n/a,n/a,0.0,0,29.5,15.6,0,n/a,16/06/2021,737957,15:43:00,5.65km,00:27:03,04:47/km,51.464327,-0.134708
315,5468664717,2.0,Afternoon run,4502.0,1345,1362,43.4,Run,0,5,3.347,7.0,n/a,n/a,n/a,n/a,n/a,n/a,0,n/a,n/a,0.0,0,51.0,21.7,0,n/a,14/06/2021,737955,15:15:55,4.50km,00:22:25,04:59/km,51.014555,-0.379173
316,5464129027,2.0,Afternoon run,4431.1,1327,1327,43.4,Run,0,5,3.339,5.8,n/a,n/a,n/a,n/a,n/a,n/a,0,n/a,n/a,0.0,0,51.0,21.7,0,n/a,13/06/2021,737954,16:35:04,4.43km,00:22:07,04:59/km,51.014619,-0.379029
317,5441502413,2.0,Afternoon run,8059.6,2350,2364,24.7,Run,1,10,3.43,9.1,n/a,n/a,n/a,n/a,n/a,n/a,0,n/a,n/a,0.0,0,21.7,1.6,0,n/a,09/06/2021,737950,16:58:42,8.06km,00:39:10,04:52/km,51.464414,-0.134722
318,5429946572,2.0,Afternoon run,5678.2,1538,1538,13.8,Run,1,5,3.692,5.9,n/a,n/a,n/a,n/a,n/a,n/a,0,n/a,n/a,0.0,0,29.5,15.6,0,n/a,07/06/2021,737948,17:02:23,5.68km,00:25:38,04:31/km,51.464357,-0.134804
319,5425610653,2.0,Evening run,7402.2,2094,2094,19.4,Run,1,7,3.535,5.3,n/a,n/a,n/a,n/a,n/a,n/a,0,n/a,n/a,0.0,0,31.2,15.6,0,n/a,06/06/2021,737947,18:14:22,7.40km,00:34:54,04:43/km,51.464443,-0.134792
320,5406852443,2.0,Afternoon run,4422.8,1228,1228,43.5,Run,0,5,3.602,6.7,n/a,n/a,n/a,n/a,n/a,n/a,0,n/a,n/a,0.0,0,51.0,21.7,0,n/a,03/06/2021,737944,15:38:59,4.42km,00:20:28,04:38/km,51.014714,-0.378963
321,5401045277,2.0,Afternoon run,4450.3,1285,1284,43.4,Run,0,3,3.463,5.9,n/a,n/a,n/a,n/a,n/a,n/a,0,n/a,n/a,0.0,0,51.0,21.7,0,n/a,02/06/2021,737943,16:01:25,4.45km,00:21:25,04:49/km,51.014612,-0.379032
322,5395359358,2.0,Afternoon run,4440.4,1221,1221,43.3,Run,4,6,3.637,5.9,n/a,n/a,n/a,n/a,n/a,n/a,0,n/a,n/a,0.0,0,51.0,21.7,0,n/a,01/06/2021,737942,17:24:00,4.44km,00:20:21,04:35/km,51.014869,-0.379069
323,5362521268,2.0,Evening run,5009.6,1300,1300,13.8,Run,14,8,3.854,7.3,n/a,n/a,n/a,n/a,n/a,n/a,0,n/a,n/a,0.0,0,29.5,15.6,7,n/a,26/05/2021,737936,18:47:06,5.01km,00:21:40,04:19/km,51.464273,-0.134779
324,5351477690,2.0,Evening run,5056.9,1401,1401,13.8,Run,0,4,3.609,5.8,n/a,n/a,n/a,n/a,n/a,n/a,0,n/a,n/a,0.0,0,29.5,15.6,0,n/a,24/05/2021,737934,18:29:03,5.06km,00:23:21,04:37/km,51.464467,-0.13468
325,5307597972,2.0,Afternoon run,6060.4,1685,1692,17.4,Run,0,9,3.597,5.5,n/a,n/a,n/a,n/a,n/a,n/a,0,n/a,n/a,0.0,0,29.5,11.8,0,n/a,16/05/2021,737926,15:25:16,6.06km,00:28:05,04:38/km,51.464442,-0.134729
326,5285052674,2.0,Evening run,4087.9,1169,1169,10.1,Run,0,4,3.497,5.0,n/a,n/a,n/a,n/a,n/a,n/a,0,n/a,n/a,0.0,0,29.4,19.3,0,n/a,12/05/2021,737922,17:20:06,4.09km,00:19:29,04:46/km,51.464486,-0.134769
327,5247553568,2.0,Evening run,7420.5,2105,2105,65.0,Run,3,5,3.525,6.3,n/a,n/a,n/a,n/a,n/a,n/a,0,n/a,n/a,0.0,0,54.7,27.9,0,n/a,05/05/2021,737915,18:55:56,7.42km,00:35:05,04:44/km,51.014666,-0.377996
328,5213668123,2.0,Afternoon run,3434.4,953,953,9.8,Run,0,6,3.604,5.7,n/a,n/a,n/a,n/a,n/a,n/a,0,n/a,n/a,0.0,0,25.5,15.6,0,n/a,29/04/2021,737909,17:21:27,3.43km,00:15:53,04:37/km,51.464482,-0.134757
329,5196580433,2.0,Afternoon run,5131.8,1523,1523,9.7,Run,1,8,3.37,5.5,n/a,n/a,n/a,n/a,n/a,n/a,0,n/a,n/a,0.0,0,29.4,18.7,0,n/a,26/04/2021,737906,17:03:40,5.13km,00:25:23,04:57/km,51.464302,-0.134837
330,5173361562,2.0,Afternoon ride,36042.8,5646,6094,359.2,Ride,13,10,6.384,14.6,n/a,111.9,n/a,n/a,631.9,0,0,n/a,n/a,0.0,0,109.8,26.5,5,n/a,22/04/2021,737902,16:36:58,36.04km,01:34:06,23.0km/h,51.014677,-0.377798
331,5166938022,2.0,Afternoon run,5004.5,1438,1442,51.5,Run,0,6,3.48,5.4,n/a,n/a,n/a,n/a,n/a,n/a,0,n/a,n/a,0.0,0,51.0,21.7,0,n/a,21/04/2021,737901,15:59:34,5.00km,00:23:58,04:47/km,51.014548,-0.377764
332,5063016211,2.0,Afternoon Ride,27206.9,5021,5657,221.1,Ride,0,5,5.419,15.7,n/a,87.9,n/a,n/a,441.4,0,0,n/a,n/a,0.0,0,64.1,9.9,0,n/a,03/04/2021,737883,16:01:23,27.21km,01:23:41,19.5km/h,51.014601,-0.377999
333,5032186207,2.0,Afternoon run,5051.5,1460,1470,9.8,Run,0,8,3.46,5.4,n/a,n/a,n/a,n/a,n/a,n/a,0,n/a,n/a,0.0,0,29.4,19.4,0,n/a,29/03/2021,737878,17:22:37,5.05km,00:24:20,04:49/km,51.464399,-0.134781
334,4917582476,2.0,Lunchtime jog,2725.4,783,783,35.3,Run,0,7,3.481,5.6,n/a,n/a,n/a,n/a,n/a,n/a,0,n/a,n/a,0.0,0,50.9,29.6,0,n/a,09/03/2021,737858,12:56:54,2.73km,00:13:03,04:47/km,51.014591,-0.378419
335,4825936280,2.0,Afternoon Run,2004.1,595,607,19.2,Run,0,0,3.368,4.8,n/a,n/a,n/a,n/a,n/a,n/a,0,n/a,n/a,0.0,0,51.0,36.7,0,n/a,21/02/2021,737842,16:47:41,2.00km,00:09:55,04:57/km,51.014682,-0.379112
336,4793343164,2.0,Afternoon Walk,2238.8,2589,2854,27.8,Walk,0,0,0.865,2.7,n/a,n/a,n/a,n/a,n/a,n/a,0,n/a,n/a,0.0,0,51.0,31.3,0,n/a,13/02/2021,737834,16:32:25,2.24km,00:43:09,19:16/km,51.014891,-0.379491
337,4713890407,2.0,Afternoon walk,5614.7,4266,4299,27.5,Walk,0,0,1.316,4.3,n/a,n/a,n/a,n/a,n/a,n/a,0,n/a,n/a,0.0,0,33.1,5.5,0,n/a,30/01/2021,737820,14:52:21,5.61km,01:11:06,12:40/km,51.386446,-0.301583
338,4668186339,2.0,Afternoon ride,34404.2,5530,6005,309.5,Ride,26,9,6.221,12.8,n/a,103.4,n/a,n/a,571.8,0,0,n/a,n/a,0.0,0,93.1,4.5,2,n/a,23/01/2021,737813,13:29:13,34.40km,01:32:10,22.4km/h,51.014531,-0.379241
339,4637491922,2.0,Mountain bike ride,15330.6,4244,4516,149.6,Ride,4,12,3.612,9.6,n/a,62.6,n/a,n/a,265.6,0,0,n/a,n/a,0.0,0,51.0,8.5,0,n/a,17/01/2021,737807,14:22:14,15.33km,01:10:44,13.0km/h,51.014561,-0.378522
340,4630356385,2.0,Afternoon walk,9002.6,5315,5499,118.3,Walk,0,5,1.694,12.4,n/a,n/a,n/a,n/a,n/a,n/a,0,n/a,n/a,0.0,0,61.7,32.2,0,n/a,16/01/2021,737806,14:21:30,9.00km,01:28:35,09:50/km,51.014704,-0.379245
341,4593030118,2.0,Afternoon ride,32784.1,4865,5060,290.7,Ride,14,12,6.739,13.2,n/a,113.0,n/a,n/a,549.7,0,0,n/a,n/a,0.0,0,64.1,9.0,2,n/a,09/01/2021,737799,14:36:41,32.78km,01:21:05,24.3km/h,51.014578,-0.379385
342,4556386639,2.0,Box hill walk,7288.9,7934,14175,138.1,Walk,0,4,0.919,4.9,n/a,n/a,n/a,n/a,n/a,n/a,0,n/a,n/a,0.0,0,189.2,121.1,0,n/a,02/01/2021,737792,11:37:49,7.29km,02:12:14,18:08/km,51.248275,-0.309272
343,4549000188,2.0,New year new me,21323.1,6822,6941,266.9,Run,1,17,3.126,6.1,n/a,n/a,n/a,n/a,n/a,n/a,0,n/a,n/a,0.0,0,109.3,37.2,0,n/a,01/01/2021,737791,12:47:06,21.32km,01:53:42,05:20/km,51.040721,-0.180649
344,4519670868,2.0,Boxing Day ride,31496.8,4668,6423,326.1,Ride,6,8,6.747,14.1,n/a,123.1,n/a,n/a,574.7,0,0,n/a,n/a,0.0,0,86.6,8.0,3,n/a,26/12/2020,737785,11:41:47,31.50km,01:17:48,24.3km/h,51.014708,-0.379524
345,4496389882,2.0,Lunchtime ride,48318.4,7116,8393,432.1,Ride,28,10,6.79,16.5,n/a,119.1,n/a,n/a,847.6,0,0,n/a,n/a,0.0,0,75.1,3.2,4,n/a,20/12/2020,737779,11:50:41,48.32km,01:58:36,24.4km/h,51.014737,-0.379508
346,4479981715,2.0,Cold and wet evening run,5002.1,1375,1375,14.2,Run,0,8,3.638,5.5,n/a,n/a,n/a,n/a,n/a,n/a,0,n/a,n/a,0.0,0,29.8,15.6,0,n/a,16/12/2020,737775,16:29:57,5.00km,00:22:55,04:35/km,51.464351,-0.134834
347,4437878565,2.0,Lunchtime ride,28661.8,4649,7059,273.0,Ride,10,8,6.165,13.2,n/a,108.6,n/a,n/a,504.6,0,0,n/a,n/a,0.0,0,70.7,10.4,0,n/a,06/12/2020,737765,12:37:39,28.66km,01:17:29,22.2km/h,51.014713,-0.379261
348,4434079149,2.0,Afternoon stroll,7223.3,4591,6107,83.8,Run,0,4,1.573,3.9,n/a,n/a,n/a,n/a,n/a,n/a,0,n/a,n/a,0.0,0,62.1,32.2,0,n/a,05/12/2020,737764,13:19:38,7.22km,01:16:31,10:36/km,51.01493,-0.379529
349,4416831818,2.0,Evening run,5005.4,1324,1324,14.2,Run,5,8,3.781,6.3,n/a,n/a,n/a,n/a,n/a,n/a,0,n/a,n/a,0.0,0,29.8,15.6,2,n/a,01/12/2020,737760,17:07:46,5.01km,00:22:04,04:24/km,51.464379,-0.134849
350,4393576830,2.0,Afternoon run,5006.8,1341,1341,13.8,Run,4,6,3.734,5.2,n/a,n/a,n/a,n/a,n/a,n/a,0,n/a,n/a,0.0,0,29.4,15.6,1,n/a,26/11/2020,737755,15:30:08,5.01km,00:22:21,04:28/km,51.46431,-0.134703
351,4385005127,2.0,Evening run,5003.4,1350,1350,14.2,Run,8,6,3.706,5.1,n/a,n/a,n/a,n/a,n/a,n/a,0,n/a,n/a,0.0,0,29.8,15.6,1,n/a,24/11/2020,737753,17:02:09,5.00km,00:22:30,04:30/km,51.464386,-0.134725
352,4341854761,2.0,Sunday run,10005.5,2802,2808,23.3,Run,1,12,3.571,5.6,n/a,n/a,n/a,n/a,n/a,n/a,0,n/a,n/a,0.0,0,29.4,15.6,0,n/a,15/11/2020,737744,13:17:32,10.01km,00:46:42,04:40/km,51.464296,-0.134926
353,4308371588,2.0,Afternoon run,5535.3,1454,1454,13.8,Run,8,8,3.807,5.7,n/a,n/a,n/a,n/a,n/a,n/a,0,n/a,n/a,0.0,0,29.4,15.6,4,n/a,08/11/2020,737737,14:41:32,5.54km,00:24:14,04:23/km,51.46444,-0.134901
354,4277344782,2.0,Evening run,5009.7,1299,1302,14.2,Run,13,10,3.857,5.5,n/a,n/a,n/a,n/a,n/a,n/a,0,n/a,n/a,0.0,0,29.8,15.6,6,n/a,02/11/2020,737731,19:14:08,5.01km,00:21:39,04:19/km,51.464385,-0.134842
355,4243431293,2.0,Evening run,5058.5,1307,1307,14.2,Run,10,6,3.87,5.9,n/a,n/a,n/a,n/a,n/a,n/a,0,n/a,n/a,0.0,0,29.8,15.6,3,n/a,25/10/2020,737723,18:21:17,5.06km,00:21:47,04:18/km,51.46442,-0.134758
356,4220355298,2.0,Afternoon run,5623.7,1460,1460,15.1,Run,12,7,3.852,6.2,n/a,n/a,n/a,n/a,n/a,n/a,0,n/a,n/a,0.0,0,30.1,15.0,3,n/a,20/10/2020,737718,15:55:54,5.62km,00:24:20,04:20/km,51.464341,-0.134992
357,4212656859,2.0,Afternoon run,5627.6,1490,1490,15.1,Run,15,7,3.777,6.0,n/a,n/a,n/a,n/a,n/a,n/a,0,n/a,n/a,0.0,0,30.1,15.0,9,n/a,18/10/2020,737716,17:02:30,5.63km,00:24:50,04:25/km,51.464404,-0.134836
358,4168212563,2.0,Afternoon run,5318.0,1472,1476,10.1,Run,7,10,3.613,6.0,n/a,n/a,n/a,n/a,n/a,n/a,0,n/a,n/a,0.0,0,30.1,19.9,0,n/a,08/10/2020,737706,17:04:25,5.32km,00:24:32,04:37/km,51.464273,-0.135287
359,4133473769,2.0,Afternoon run,5008.7,1301,1313,10.3,Run,3,8,3.85,6.6,n/a,n/a,n/a,n/a,n/a,n/a,0,n/a,n/a,0.0,0,30.1,19.5,2,n/a,30/09/2020,737698,17:32:22,5.01km,00:21:41,04:20/km,51.464448,-0.134888
360,4030903732,2.0,Evening run,5107.7,1410,1410,10.2,Run,0,9,3.622,5.9,n/a,n/a,n/a,n/a,n/a,n/a,0,n/a,n/a,0.0,0,30.1,19.9,0,n/a,08/09/2020,737676,18:15:44,5.11km,00:23:30,04:36/km,51.464302,-0.135118
361,4001197500,2.0,Afternoon ride,47371.7,6486,7437,482.7,Ride,26,7,7.304,13.6,n/a,135.8,n/a,n/a,881.0,0,0,n/a,n/a,0.0,0,94.5,13.5,8,n/a,02/09/2020,737670,13:50:03,47.37km,01:48:06,26.3km/h,51.014805,-0.377965
362,3968996398,2.0,Down to the seaside,74458.5,10625,12987,763.2,Ride,13,12,7.008,19.9,n/a,139.3,n/a,n/a,1480.3,0,0,n/a,n/a,0.0,0,148.1,1.4,4,n/a,26/08/2020,737663,12:54:57,74.46km,02:57:05,25.2km/h,51.014598,-0.378371
363,3941162659,2.0,Afternoon ride,34978.3,4402,4546,372.6,Ride,35,8,7.946,16.3,n/a,161.1,n/a,n/a,709.1,0,0,n/a,n/a,0.0,0,76.2,9.4,18,n/a,20/08/2020,737657,15:34:32,34.98km,01:13:22,28.6km/h,51.014746,-0.378135
364,3931946153,2.0,Evening run,7967.1,2120,2120,72.2,Run,6,8,3.758,12.2,n/a,n/a,n/a,n/a,n/a,n/a,0,n/a,n/a,0.0,0,54.7,27.7,3,n/a,18/08/2020,737655,18:03:00,7.97km,00:35:20,04:26/km,51.01471,-0.378038
365,3897191497,2.0,Might be too hot,8036.6,2300,2300,71.4,Run,14,9,3.494,7.0,n/a,n/a,n/a,n/a,n/a,n/a,0,n/a,n/a,0.0,0,54.7,27.7,2,n/a,11/08/2020,737648,13:20:24,8.04km,00:38:20,04:46/km,51.014694,-0.377775
366,3868809324,2.0,Afternoon chill,25443.9,4048,4077,304.3,Ride,8,9,6.286,14.3,n/a,112.3,n/a,n/a,454.8,0,0,n/a,n/a,0.0,0,59.2,10.7,0,n/a,05/08/2020,737642,16:12:49,25.44km,01:07:28,22.6km/h,51.014647,-0.377983
367,3815604871,2.0,Afternoon ride,43034.6,7047,9219,428.0,Ride,18,7,6.107,14.1,n/a,109.6,n/a,n/a,772.2,0,0,n/a,n/a,0.0,0,76.7,6.7,2,n/a,26/07/2020,737632,13:38:50,43.03km,01:57:27,22.0km/h,51.014663,-0.37802
368,3796362121,2.0,Afternoon ride,43028.9,5553,5996,385.6,Ride,5,7,7.749,14.2,n/a,147.7,n/a,n/a,820.2,0,0,n/a,n/a,0.0,0,75.9,3.0,2,n/a,21/07/2020,737627,16:14:13,43.03km,01:32:33,27.9km/h,51.014683,-0.377982
369,3781090134,2.0,Cornish cruising,30917.5,6296,13038,47.1,Ride,0,7,4.911,15.0,n/a,60.6,n/a,n/a,381.3,0,0,n/a,n/a,0.0,0,24.3,4.0,0,n/a,18/07/2020,737624,12:57:54,30.92km,01:44:56,17.7km/h,50.519611,-4.839082
370,3751951871,2.0,Chilled G & D,4247.6,1128,1128,40.7,Run,4,6,3.766,5.8,n/a,n/a,n/a,n/a,n/a,n/a,0,n/a,n/a,0.0,0,51.2,21.4,1,n/a,12/07/2020,737618,16:14:26,4.25km,00:18:48,04:26/km,51.014658,-0.377896
371,3737048275,2.0,G & D push,4213.5,1036,1036,43.2,Run,6,9,4.067,6.6,n/a,n/a,n/a,n/a,n/a,n/a,0,n/a,n/a,0.0,0,51.2,21.4,4,n/a,09/07/2020,737615,16:53:54,4.21km,00:17:16,04:06/km,51.014649,-0.377944
372,3723230321,2.0,Evening jog,1924.0,490,512,23.0,Run,5,3,3.927,6.5,n/a,n/a,n/a,n/a,n/a,n/a,0,n/a,n/a,0.0,0,51.3,27.7,4,n/a,06/07/2020,737612,19:25:11,1.92km,00:08:10,04:15/km,51.016553,-0.389033
373,3699223357,2.0,Evening ride,41998.1,5952,6581,488.4,Ride,15,6,7.056,16.8,n/a,146.6,n/a,n/a,872.4,0,0,n/a,n/a,0.0,0,67.4,3.6,3,n/a,01/07/2020,737607,17:46:49,42.00km,01:39:12,25.4km/h,51.014681,-0.378007
374,3693440657,2.0,Afternoon run,8204.9,2217,2286,73.3,Run,8,7,3.701,6.2,n/a,n/a,n/a,n/a,n/a,n/a,0,n/a,n/a,0.0,0,54.7,27.7,7,n/a,30/06/2020,737606,16:45:39,8.20km,00:36:57,04:30/km,51.014625,-0.37795
375,3653488294,2.0,Bathwick loop,9022.6,2776,2848,192.5,Run,6,11,3.25,5.4,n/a,n/a,n/a,n/a,n/a,n/a,0,n/a,n/a,0.0,0,180.3,23.3,3,n/a,22/06/2020,737598,13:50:24,9.02km,00:46:16,05:08/km,51.384799,-2.351417
376,3643842877,2.0,Afternoon run,5191.1,1527,1554,38.6,Run,0,8,3.4,5.6,n/a,n/a,n/a,n/a,n/a,n/a,0,n/a,n/a,0.0,0,39.6,16.8,0,n/a,20/06/2020,737596,15:24:12,5.19km,00:25:27,04:54/km,51.384167,-2.351344
377,3634339098,2.0,Afternoon Run,7404.7,2740,3015,177.1,Run,0,8,2.702,5.5,n/a,n/a,n/a,n/a,n/a,n/a,0,n/a,n/a,0.0,0,175.5,19.3,0,n/a,18/06/2020,737594,16:32:32,7.40km,00:45:40,06:10/km,51.384577,-2.351445
378,3608556688,2.0,Afternoon ride,35405.2,4220,4259,355.8,Ride,32,6,8.39,17.1,n/a,176.2,n/a,n/a,743.6,0,0,n/a,n/a,0.0,0,85.0,13.5,15,n/a,13/06/2020,737589,15:22:47,35.41km,01:10:20,30.2km/h,51.014641,-0.37808
379,3586835859,2.0,Morning ride,45000.6,5786,6092,578.4,Ride,27,12,7.777,16.2,n/a,163.9,n/a,n/a,948.2,0,0,n/a,n/a,0.0,0,133.2,3.6,11,n/a,09/06/2020,737585,09:36:31,45.00km,01:36:26,28.0km/h,51.014645,-0.379431
380,3577065669,2.0,Morning ride,47024.1,5558,5862,463.3,Ride,36,12,8.461,15.4,n/a,176.7,n/a,n/a,982.2,0,0,n/a,n/a,0.0,0,71.4,3.0,22,n/a,07/06/2020,737583,10:56:27,47.02km,01:32:38,30.5km/h,51.014782,-0.378113
381,3568614932,2.0,Evening ride,19428.0,2432,2445,159.4,Ride,15,4,7.988,13.9,n/a,145.4,n/a,n/a,353.5,0,0,n/a,n/a,0.0,0,85.0,28.8,4,n/a,05/06/2020,737581,18:38:35,19.43km,00:40:32,28.8km/h,51.014873,-0.379349
382,3562317941,2.0,Morning ride,29985.4,4188,4576,241.3,Ride,15,9,7.16,14.7,n/a,127.7,n/a,n/a,534.7,0,0,n/a,n/a,0.0,0,76.0,16.4,7,n/a,04/06/2020,737580,11:13:56,29.99km,01:09:48,25.8km/h,51.014606,-0.378033
383,3547069266,2.0,Lunchtime ride ,34039.2,4322,5115,311.7,Ride,14,7,7.876,15.5,n/a,155.7,n/a,n/a,673.0,0,0,n/a,n/a,0.0,0,74.9,10.1,9,n/a,01/06/2020,737577,12:32:44,34.04km,01:12:02,28.4km/h,51.014723,-0.37797
384,3541949875,2.0,Quick laps,8471.5,911,911,80.0,Ride,6,9,9.299,16.5,n/a,212.3,n/a,n/a,193.4,0,0,n/a,n/a,0.0,0,51.0,21.8,2,n/a,31/05/2020,737576,14:49:34,8.47km,00:15:11,33.5km/h,51.014679,-0.378129
385,3525570859,2.0,Chilled ride,20433.0,2978,3567,128.3,Ride,13,6,6.861,13.4,n/a,112.3,n/a,n/a,334.4,0,0,n/a,n/a,0.0,0,54.2,10.1,4,n/a,28/05/2020,737573,14:20:06,20.43km,00:49:38,24.7km/h,51.014591,-0.379494
386,3509386714,2.0,Return from Steyning,26196.5,3422,3610,280.2,Ride,5,11,7.655,14.2,n/a,158.8,n/a,n/a,543.5,0,0,n/a,n/a,0.0,0,75.3,3.0,3,n/a,25/05/2020,737570,14:47:43,26.20km,00:57:02,27.6km/h,50.88809,-0.328714
387,3500091203,2.0,Evening ride,19260.5,2438,2438,159.3,Ride,14,4,7.9,16.9,n/a,146.0,n/a,n/a,355.8,0,0,n/a,n/a,0.0,0,85.0,28.8,5,n/a,23/05/2020,737568,19:22:28,19.26km,00:40:38,28.4km/h,51.014757,-0.378093
388,3489857616,2.0,End of exams cycle,36417.7,4238,4416,320.3,Ride,13,10,8.593,13.1,n/a,173.2,n/a,n/a,733.9,0,0,n/a,n/a,0.0,0,67.4,3.0,3,n/a,21/05/2020,737566,18:33:51,36.42km,01:10:38,30.9km/h,51.014667,-0.378057
389,3483413507,2.0,Evening stretch of the legs,18525.6,2106,2132,139.1,Ride,12,10,8.797,14.2,n/a,177.2,n/a,n/a,373.3,0,0,n/a,n/a,0.0,0,61.3,8.5,9,n/a,20/05/2020,737565,17:36:02,18.53km,00:35:06,31.7km/h,51.014652,-0.378173
390,3471977437,2.0,Pressing on,51795.0,6181,6851,498.4,Ride,18,11,8.38,15.7,n/a,170.1,n/a,n/a,1051.6,0,0,n/a,n/a,0.0,0,84.8,8.0,14,n/a,18/05/2020,737563,15:05:09,51.80km,01:43:01,30.2km/h,51.014677,-0.378055
391,3459172839,2.0,Morning ride,16005.0,1799,1832,138.3,Ride,4,10,8.897,14.8,n/a,184.6,n/a,n/a,332.1,0,0,n/a,n/a,0.0,0,54.7,8.5,3,n/a,16/05/2020,737561,11:25:26,16.00km,00:29:59,32.0km/h,51.01463,-0.377988
392,3439103739,2.0,Down to the Horsebridge,60175.8,8125,8698,670.8,Ride,18,8,7.406,16.7,n/a,148.0,n/a,n/a,1202.7,0,0,n/a,n/a,0.0,0,131.5,9.7,9,n/a,12/05/2020,737557,11:37:23,60.18km,02:15:25,26.7km/h,51.014644,-0.378051
393,3419442820,2.0,Afternoon ride,18309.5,2144,2157,111.4,Ride,13,3,8.54,15.8,n/a,164.9,n/a,n/a,353.5,0,0,n/a,n/a,0.0,0,60.7,10.1,7,n/a,08/05/2020,737553,16:28:02,18.31km,00:35:44,30.7km/h,51.014769,-0.378214
394,3413509667,2.0,Quick laps,8459.2,944,944,80.2,Ride,7,5,8.961,14.7,n/a,191.6,n/a,n/a,180.9,0,0,n/a,n/a,0.0,0,51.0,21.8,1,n/a,07/05/2020,737552,16:01:52,8.46km,00:15:44,32.3km/h,51.014782,-0.37796
395,3390384949,2.0,One lap,4207.7,509,509,40.3,Ride,2,1,8.267,13.6,n/a,167.2,n/a,n/a,85.1,0,0,n/a,n/a,0.0,0,51.0,21.8,1,n/a,03/05/2020,737548,12:30:18,4.21km,00:08:29,29.8km/h,51.014652,-0.377974
396,3381139342,2.0,Cranleigh ride,47933.0,6448,7929,400.1,Ride,6,4,7.434,15.6,n/a,143.5,n/a,n/a,925.2,0,0,n/a,n/a,0.0,0,85.1,19.3,0,n/a,01/05/2020,737546,16:32:40,47.93km,01:47:28,26.8km/h,51.020699,-0.374652
397,3356434270,2.0,Slow,13442.9,1932,1938,81.0,Ride,7,1,6.958,13.0,n/a,118.0,n/a,n/a,227.9,0,0,n/a,n/a,0.0,0,50.9,10.7,2,n/a,26/04/2020,737541,14:27:51,13.44km,00:32:12,25.0km/h,51.014664,-0.37796
398,3355399518,2.0,One lap,4190.5,511,511,39.4,Ride,2,0,8.201,13.2,n/a,165.1,n/a,n/a,84.3,0,0,n/a,n/a,0.0,0,50.7,21.8,1,n/a,26/04/2020,737541,11:59:26,4.19km,00:08:31,29.5km/h,51.014599,-0.378035
399,3351433699,2.0,Afternoon ride,13354.2,1783,1801,81.5,Ride,3,1,7.49,13.7,n/a,145.5,n/a,n/a,259.4,0,0,n/a,n/a,0.0,0,51.0,10.7,0,n/a,25/04/2020,737540,16:16:19,13.35km,00:29:43,27.0km/h,51.014763,-0.378371
400,3340994691,2.0,Afternoon Ride with the fam,17947.5,3593,3751,142.5,Ride,2,2,4.995,14.1,n/a,85.4,n/a,n/a,306.9,0,0,n/a,n/a,0.0,0,60.7,7.7,2,n/a,23/04/2020,737538,14:35:07,17.95km,00:59:53,18.0km/h,51.014626,-0.378079
401,3340459016,2.0,Lunchtime laps,8422.1,1026,1026,80.0,Ride,5,7,8.209,14.2,n/a,161.7,n/a,n/a,165.9,0,0,n/a,n/a,0.0,0,51.0,21.8,1,n/a,23/04/2020,737538,13:10:43,8.42km,00:17:06,29.6km/h,51.014668,-0.377921
402,3331185863,2.0,Notching up the k‚Äôs,21188.1,3854,3979,144.9,Ride,4,4,5.498,11.2,n/a,81.6,n/a,n/a,314.5,0,0,n/a,n/a,0.0,0,50.9,10.7,0,n/a,21/04/2020,737536,15:09:16,21.19km,01:04:14,19.8km/h,51.014582,-0.379373
403,3330540225,2.0,Lunchtime ride,8434.1,1120,1120,79.7,Ride,4,1,7.53,15.7,n/a,n/a,n/a,n/a,n/a,0,0,n/a,n/a,0.0,0,51.0,21.8,1,n/a,21/04/2020,737536,13:33:48,8.43km,00:18:40,27.1km/h,51.014716,-0.378057
404,3302435545,2.0,Afternoon ride,36060.7,4420,4420,256.8,Ride,1,4,8.159,19.6,n/a,n/a,n/a,n/a,n/a,0,0,n/a,n/a,0.0,0,74.4,10.7,0,n/a,15/04/2020,737530,14:25:22,36.06km,01:13:40,29.4km/h,51.014713,-0.378097
405,3279021020,2.0,Itchingfield ride,17536.2,2757,2785,146.6,Ride,2,3,6.361,16.0,n/a,n/a,n/a,n/a,n/a,0,0,n/a,n/a,0.0,0,85.1,27.2,0,49.0,10/04/2020,737525,11:11:32,17.54km,00:45:57,22.9km/h,51.014628,-0.378076
